EmpID,Employee_Name,MarriedID,MaritalStatusID,GenderID,EmpStatusID,DeptID,PerfScoreID,FromDiversityJobFairID, Salary ,Termd,PositionID,Position,State,Zip,DOB,Sex,MaritalDesc,CitizenDesc,HispanicLatino,RaceDesc,DateofHire,DateofTermination,TermReason,EmploymentStatus,Department,ManagerName,ManagerID,RecruitmentSource,PerformanceScore,EngagementSurvey,EmpSatisfaction,SpecialProjectsCount,LastPerformanceReview_Date,DaysLateLast30,Absences
10274,"Wallace, Courtney  E",1,1,0,5,5,3,1," 80,512.00 ",1,18,Production Manager,MA,2478,11/14/1955,F,Married,US Citizen,No,Black or African American,9/26/2011,01/02/2012,Another position,Voluntarily Terminated,Production       ,Janet King,2,Diversity Job Fair,Fully Meets,4.5,3,0,01/02/2012,0,5
10195,"Homberger, Adrienne  J",1,1,0,5,5,3,0," 63,478.00 ",1,20,Production Technician II,MA,2445,02/16/1984,F,Married,Non-Citizen,No,White,8/15/2011,04/07/2012,relocation out of area,Voluntarily Terminated,Production       ,Michael Albert,30,Indeed,Fully Meets,3.03,5,0,03/05/2012,0,16
10224,"Robertson, Peter",1,1,1,5,5,3,0," 55,578.00 ",1,20,Production Technician II,MA,2138,07/03/1972,M ,Married,US Citizen,No,White,07/05/2011,02/08/2012,Another position,Voluntarily Terminated,Production       ,Kissy Sullivan,20,Indeed,Fully Meets,4.2,5,0,01/06/2012,0,13
10221,"Tavares, Desiree  ",1,1,0,5,5,3,1," 60,754.00 ",1,19,Production Technician I,MA,1801,04/03/1975,F,Married,Non-Citizen,No,Black or African American,4/27/2009,04/01/2013,Another position,Voluntarily Terminated,Production       ,Webster Butler,39,Diversity Job Fair,Fully Meets,4.5,5,0,2/15/2012,0,11
10160,"Huynh, Ming",0,2,0,5,5,3,0," 68,182.00 ",1,20,Production Technician II,MA,1742,09/22/1976,F,Divorced,US Citizen,No,White,2/21/2011,04/01/2013,unhappy,Voluntarily Terminated,Production       ,Amy Dunn,11,Google Search,Fully Meets,3.72,3,0,02/01/2013,0,18
10032,"Peters, Lauren",1,1,0,5,5,4,0," 57,954.00 ",1,20,Production Technician II,MA,1886,08/17/1986,F,Married,US Citizen,No,White,5/16/2011,02/04/2013,more money,Voluntarily Terminated,Production       ,Ketsia Liebig,19,Indeed,Exceeds,4.2,5,0,01/10/2013,0,12
10290,"Exantus, Susan",1,1,0,4,4,2,0," 99,280.00 ",1,24,Software Engineer,MA,1749,05/15/1987,F,Married,US Citizen,No,Black or African American,05/02/2011,06/05/2013,attendance,Terminated for Cause,Software Engineering,Alex Sweetwater,10,Indeed,Needs Improvement,2.1,5,4,08/10/2012,4,19
10275,"Cloninger, Jennifer",1,1,0,5,5,3,0," 64,066.00 ",1,20,Production Technician II,MA,1752,08/31/1981,F,Married,US Citizen,No,White,5/16/2011,01/07/2013,unhappy,Voluntarily Terminated,Production       ,Brannon Miller,12,Google Search,Fully Meets,4.2,5,0,05/03/2012,0,9
10163,"Foreman, Tanya",1,1,0,5,5,3,0," 55,965.00 ",1,20,Production Technician II,MA,2170,11/08/1983,F,Married,US Citizen,No,White,04/04/2011,01/09/2013,career change,Voluntarily Terminated,Production       ,Ketsia Liebig,19,Google Search,Fully Meets,3.66,3,0,01/07/2012,0,6
10270,"Trzeciak, Cybil",0,0,0,5,5,3,0," 74,813.00 ",1,20,Production Technician II,MA,1778,03/15/1985,F,Single,US Citizen,No,White,01/10/2011,07/02/2014,unhappy,Voluntarily Terminated,Production       ,Amy Dunn,11,LinkedIn,Fully Meets,4.4,3,0,01/05/2014,0,5
10188,"Bunbury, Jessica",1,1,0,5,6,3,0," 74,326.00 ",1,3,Area Sales Manager,VA,21851,06/01/1964,F,Married,Eligible NonCitizen,No,Black or African American,8/15/2011,08/02/2014,Another position,Voluntarily Terminated,Sales,John Smith,17,Google Search,Fully Meets,3.14,5,0,02/10/2013,1,19
10215,"Ndzi, Colombui",0,0,1,5,5,3,1," 50,470.00 ",1,19,Production Technician I,MA,2110,05/02/1989,M ,Single,US Citizen,No,Black or African American,9/26/2011,04/04/2014,return to school,Voluntarily Terminated,Production       ,Webster Butler,39,Diversity Job Fair,Fully Meets,4.3,3,0,03/02/2013,0,19
10267,"Bondwell, Betsy",0,0,0,5,5,3,0," 57,815.00 ",1,20,Production Technician II,MA,2210,01/16/1967,F,Single,US Citizen,No,White,01/10/2011,04/04/2014,career change,Voluntarily Terminated,Production       ,Elijiah Gray,16,Google Search,Fully Meets,4.8,5,0,03/04/2014,0,5
10298,"Miller, Ned",0,0,1,5,5,1,0," 55,800.00 ",1,20,Production Technician II,MA,2472,06/29/1985,M ,Single,US Citizen,No,White,8/15/2011,09/04/2014,unhappy,Voluntarily Terminated,Production       ,Brannon Miller,12,LinkedIn,PIP,3,2,0,1/14/2013,6,6
10175,"Bozzi, Charles",0,0,1,5,5,3,0," 74,312.00 ",1,18,Production Manager,MA,1901,03/10/1970,M ,Single,US Citizen,No,Asian,9/30/2013,08/07/2014,retiring,Voluntarily Terminated,Production       ,Janet King,2,Indeed,Fully Meets,3.39,3,0,2/20/2014,0,14
10170,"Kirill, Alexandra  ",1,1,0,5,5,3,0," 45,433.00 ",1,19,Production Technician I,MA,2127,10/08/1970,F,Married,US Citizen,No,White,9/26/2011,01/09/2014,more money,Voluntarily Terminated,Production       ,Amy Dunn,11,Google Search,Fully Meets,3.49,4,0,1/30/2013,0,6
10059,"Gross, Paula",0,2,0,5,5,3,0," 63,813.00 ",1,19,Production Technician I,MA,2176,05/21/1983,F,Divorced,US Citizen,No,White,2/21/2011,01/11/2014,more money,Voluntarily Terminated,Production       ,Kelley Spirea,18,CareerBuilder,Fully Meets,5,5,0,06/03/2013,0,17
10148,"Panjwani, Nina",1,1,0,5,5,3,0," 63,515.00 ",1,19,Production Technician I,MA,2351,05/01/1979,F,Married,US Citizen,No,White,02/07/2011,01/12/2014,Another position,Voluntarily Terminated,Production       ,Elijiah Gray,16,Google Search,Fully Meets,3.89,4,0,03/04/2013,0,7
10293,"Wallace, Theresa",0,0,0,5,5,2,0," 50,274.00 ",1,19,Production Technician I,MA,1887,08/02/1980,F,Single,US Citizen,No,White,8/13/2012,09/01/2015,career change,Voluntarily Terminated,Production       ,Elijiah Gray,16,CareerBuilder,Needs Improvement,2.5,3,0,09/05/2014,6,13
10166,"Kinsella, Kathleen  ",1,1,0,5,5,3,0," 54,005.00 ",1,19,Production Technician I,MA,2170,12/08/1973,F,Married,US Citizen,No,White,9/26/2011,06/04/2015,more money,Voluntarily Terminated,Production       ,Webster Butler,39,Google Search,Fully Meets,3.6,5,0,03/01/2015,0,16
10222,"Ruiz, Ricardo",0,2,1,5,3,3,1," 148,999.00 ",1,13,IT Manager - DB,MA,1915,01/04/1964,M ,Divorced,US Citizen,No,Black or African American,01/09/2012,11/04/2015,hours,Voluntarily Terminated,IT/IS,Jennifer Zamora,5,Diversity Job Fair,Fully Meets,4.3,4,6,01/04/2015,0,8
10100,"Demita, Carla",0,3,0,5,5,3,0," 58,275.00 ",1,20,Production Technician II,MA,2343,02/25/1951,F,Separated,US Citizen,No,Black or African American,04/04/2011,11/04/2015,more money,Voluntarily Terminated,Production       ,Kelley Spirea,18,Google Search,Fully Meets,4.62,5,0,05/06/2015,0,1
10142,"Gill, Whitney  ",0,4,0,4,6,3,0," 59,370.00 ",1,3,Area Sales Manager,OH,43050,07/10/1971,F,Widowed,US Citizen,No,Black or African American,07/07/2014,09/05/2015,attendance,Terminated for Cause,Sales,John Smith,17,CareerBuilder,Fully Meets,3.97,4,0,1/15/2014,0,7
10048,"Wilber, Barry",1,1,1,5,5,3,0," 55,140.00 ",1,19,Production Technician I,MA,2324,09/09/1965,M ,Married,Eligible NonCitizen,No,White,5/16/2011,09/07/2015,unhappy,Voluntarily Terminated,Production       ,Amy Dunn,11,Website,Fully Meets,5,3,0,2/15/2015,0,7
10005,"Patronick, Lucas",0,0,1,5,4,4,1," 108,987.00 ",1,24,Software Engineer,MA,1844,02/20/1979,M ,Single,US Citizen,No,Black or African American,11/07/2011,09/07/2015,Another position,Voluntarily Terminated,Software Engineering,Alex Sweetwater,10,Diversity Job Fair,Exceeds,5,5,3,8/16/2015,0,13
10095,"Sloan, Constance",0,0,0,5,5,3,0," 63,878.00 ",1,20,Production Technician II,MA,1851,11/25/1987,F,Single,US Citizen,No,White,10/26/2009,04/08/2015,maternity leave - did not return,Voluntarily Terminated,Production       ,Michael Albert,22,CareerBuilder,Fully Meets,4.68,4,0,04/02/2015,0,20
10245,"Becker, Renee",0,0,0,4,3,3,0," 110,000.00 ",1,8,Database Administrator,MA,2026,04/04/1986,F,Single,US Citizen,Yes,White,07/07/2014,09/12/2015,performance,Terminated for Cause,IT/IS,Simon Roup,4,Google Search,Fully Meets,4.5,4,5,1/15/2015,0,8
10092,"Landa, Hans",1,1,1,4,5,3,0," 82,758.00 ",1,18,Production Manager,MA,1890,07/01/1972,M ,Married,US Citizen,No,White,01/10/2011,12/12/2015,attendance,Terminated for Cause,Production       ,Janet King,2,Employee Referral,Fully Meets,4.78,4,0,2/15/2015,0,9
10138,"Jung, Judy  ",1,1,0,5,5,3,0," 61,154.00 ",1,19,Production Technician I,MA,2446,04/17/1986,F,Married,US Citizen,No,Black or African American,01/10/2011,04/01/2016,unhappy,Voluntarily Terminated,Production       ,Elijiah Gray,16,CareerBuilder,Fully Meets,4,4,0,02/03/2016,0,4
10259,"Pearson, Randall",1,1,1,5,3,3,0," 93,093.00 ",1,9,Data Analyst,MA,2747,09/05/1984,M ,Married,US Citizen,No,White,12/01/2014,05/01/2016,performance,Voluntarily Terminated,IT/IS,Simon Roup,4,Employee Referral,Fully Meets,4.7,4,5,1/16/2016,0,19
10014,"Veera, Abdellah ",0,2,1,5,5,4,0," 58,523.00 ",1,19,Production Technician I,MA,2171,01/31/1987,M ,Divorced,US Citizen,No,White,8/13/2012,02/05/2016,maternity leave - did not return,Voluntarily Terminated,Production       ,Kissy Sullivan,20,LinkedIn,Exceeds,4.5,5,0,02/01/2016,0,15
10141,"Theamstern, Sophia",0,0,0,5,5,3,0," 48,413.00 ",1,19,Production Technician I,MA,2066,05/09/1965,F,Single,US Citizen,No,White,07/05/2011,09/05/2016,return to school,Voluntarily Terminated,Production       ,Amy Dunn,11,Indeed,Fully Meets,3.98,4,0,03/02/2016,0,1
10069,"Anderson, Carol ",0,2,0,5,5,3,0," 50,825.00 ",1,19,Production Technician I,MA,2169,09/08/1989,F,Divorced,US Citizen,No,White,07/11/2011,09/06/2016,return to school,Voluntarily Terminated,Production       ,Webster Butler,39,Google Search,Fully Meets,5,4,0,02/01/2016,0,2
10022,"Volk, Colleen",1,1,0,4,5,4,0," 49,773.00 ",1,19,Production Technician I,MA,2747,06/03/1986,F,Married,US Citizen,No,White,9/26/2011,02/08/2016,gross misconduct,Terminated for Cause,Production       ,Kelley Spirea,18,Google Search,Exceeds,4.3,5,0,02/01/2015,0,18
10070,"DeGweck,  James",1,1,1,5,5,3,0," 55,722.00 ",1,19,Production Technician I,MA,1810,10/31/1977,M ,Married,US Citizen,No,White,5/16/2011,06/08/2016,unhappy,Voluntarily Terminated,Production       ,Webster Butler,39,Indeed,Fully Meets,5,4,0,04/02/2016,0,14
10128,"Meads, Elizabeth",0,0,0,5,5,3,1," 62,659.00 ",1,19,Production Technician I,MA,1760,05/30/1968,F,Single,US Citizen,No,Black or African American,04/02/2012,11/11/2016,Another position,Voluntarily Terminated,Production       ,Kelley Spirea,18,Diversity Job Fair,Fully Meets,4.18,4,0,02/05/2016,0,17
10044,"Tredinnick, Neville ",1,1,1,5,3,3,0," 75,281.00 ",1,15,Network Engineer,MA,1420,05/05/1988,M ,Married,US Citizen,No,White,01/05/2015,02/12/2016,medical issues,Voluntarily Terminated,IT/IS,Peter Monroe,7,CareerBuilder,Fully Meets,5,3,5,4/15/2015,0,11
10061,"Bates, Norman",0,0,1,4,5,3,0," 57,834.00 ",1,19,Production Technician I,MA,2050,10/18/1981,M ,Single,US Citizen,No,White,2/21/2011,08/04/2017,attendance,Terminated for Cause,Production       ,Kelley Spirea,18,Google Search,Fully Meets,5,4,0,04/05/2017,0,20
10066,"Barton, Nader",0,2,1,5,5,3,0," 52,505.00 ",1,19,Production Technician I,MA,2747,07/15/1977,M ,Divorced,US Citizen,No,White,9/24/2012,04/06/2017,Another position,Voluntarily Terminated,Production       ,Michael Albert,22,On-line Web application,Fully Meets,5,5,0,03/02/2017,0,1
10064,"Eaton, Marianne",1,1,0,5,5,3,0," 60,070.00 ",1,19,Production Technician I,MA,2343,09/05/1991,F,Married,US Citizen,No,White,04/04/2011,06/06/2017,military,Voluntarily Terminated,Production       ,Kissy Sullivan,20,Google Search,Fully Meets,5,3,0,04/09/2017,0,7
10146,"Tejeda, Lenora ",1,1,0,5,5,3,0," 72,202.00 ",1,20,Production Technician II,MA,2129,05/24/1953,F,Married,US Citizen,No,White,5/16/2011,07/08/2017,Another position,Voluntarily Terminated,Production       ,Elijiah Gray,16,Google Search,Fully Meets,3.93,3,0,4/18/2017,0,3
10252,"Baczenski, Rachael  ",1,1,0,5,5,3,1," 54,670.00 ",1,19,Production Technician I,MA,1902,01/12/1974,F,Married,US Citizen,Yes,Black or African American,01/10/2011,01/12/2017,Another position,Voluntarily Terminated,Production       ,David Stanley,14,Diversity Job Fair,Fully Meets,4.2,4,0,1/30/2016,0,12
10303,"O'hare, Lynn",0,0,0,4,5,1,0," 52,674.00 ",1,19,Production Technician I,MA,2152,09/30/1980,F,Single,US Citizen,No,Two or more races,3/31/2014,05/01/2018,performance,Terminated for Cause,Production       ,Kissy Sullivan,20,LinkedIn,PIP,2.33,2,0,03/09/2018,6,3
10187,"Power, Morissa",0,2,0,5,5,3,0," 46,799.00 ",1,19,Production Technician I,MA,1742,10/15/1984,F,Divorced,Eligible NonCitizen,No,Asian,5/16/2011,06/04/2018,Another position,Voluntarily Terminated,Production       ,Kissy Sullivan,20,Google Search,Fully Meets,3.17,4,0,04/02/2018,0,14
10152,"Rarrick, Quinn",0,2,1,5,5,3,0," 61,729.00 ",1,19,Production Technician I,MA,2478,12/31/1984,M ,Divorced,US Citizen,No,White,9/26/2011,04/07/2018,more money,Voluntarily Terminated,Production       ,Michael Albert,22,Indeed,Fully Meets,3.8,5,0,02/04/2018,0,19
10149,"Roehrich, Bianca",0,0,0,5,3,3,0," 120,000.00 ",1,29,Principal Data Architect,MA,2703,05/27/1973,F,Single,US Citizen,Yes,White,01/05/2015,11/10/2018,Another position,Voluntarily Terminated,IT/IS,Simon Roup,4,LinkedIn,Fully Meets,3.88,3,7,2/13/2018,0,12
10058,"Rhoads, Thomas",0,2,1,5,5,3,0," 45,115.00 ",1,19,Production Technician I,MA,2176,07/22/1982,M ,Divorced,US Citizen,Yes,White,5/16/2011,1/15/2016,retiring,Voluntarily Terminated,Production       ,Elijiah Gray,16,LinkedIn,Fully Meets,5,4,0,3/30/2015,0,11
10047,"Robinson, Alain  ",1,1,1,5,5,3,0," 50,428.00 ",1,19,Production Technician I,MA,1420,01/07/1974,M ,Married,US Citizen,No,Black or African American,01/10/2011,1/26/2016,attendance,Voluntarily Terminated,Production       ,Amy Dunn,11,Indeed,Fully Meets,5,3,0,01/10/2015,0,11
10230,"Roberson, May",0,2,0,5,5,3,0," 64,971.00 ",1,20,Production Technician II,MA,1902,09/05/1981,F,Divorced,Eligible NonCitizen,No,Black or African American,9/26/2011,10/22/2011,return to school,Voluntarily Terminated,Production       ,David Stanley,14,Google Search,Fully Meets,4.5,4,0,10/22/2011,0,10
10171,"Perry, Shakira",0,0,0,5,5,3,0," 45,998.00 ",1,19,Production Technician I,MA,2176,07/20/1986,F,Single,US Citizen,No,White,5/16/2011,10/25/2015,medical issues,Voluntarily Terminated,Production       ,Amy Dunn,11,LinkedIn,Fully Meets,3.45,4,0,5/13/2014,0,5
10109,"Guilianno, Mike",0,0,1,5,6,3,0," 71,707.00 ",1,3,Area Sales Manager,TN,37129,02/09/1969,M ,Single,US Citizen,No,Two or more races,03/07/2012,10/31/2014,relocation out of area,Voluntarily Terminated,Sales,John Smith,17,LinkedIn,Fully Meets,4.5,5,0,02/01/2013,0,20
10229,"Salter, Jason",0,2,1,5,3,3,0," 88,527.00 ",1,9,Data Analyst ,MA,2452,12/17/1987,M ,Divorced,US Citizen,No,Black or African American,01/05/2015,10/31/2015,hours,Voluntarily Terminated,IT/IS,Simon Roup,4,LinkedIn,Fully Meets,4.2,3,5,4/20/2015,0,2
10004,"Lynch, Lindsay",0,0,0,5,5,4,1," 47,434.00 ",1,19,Production Technician I,MA,1844,02/14/1973,F,Single,US Citizen,Yes,Black or African American,11/07/2011,11/14/2015,Another position,Voluntarily Terminated,Production       ,Webster Butler,39,Diversity Job Fair,Exceeds,5,4,0,02/02/2015,0,17
10240,"Chivukula, Enola",0,0,0,5,5,3,0," 64,786.00 ",1,19,Production Technician I,MA,1775,08/27/1983,F,Single,US Citizen,No,White,6/27/2011,11/15/2015,relocation out of area,Voluntarily Terminated,Production       ,Amy Dunn,11,Indeed,Fully Meets,4.3,4,0,03/10/2015,0,3
10122,"Gerke, Melisa",0,2,0,5,5,3,1," 51,505.00 ",1,19,Production Technician I,MA,2330,05/15/1970,F,Divorced,US Citizen,No,Black or African American,11/07/2011,11/15/2016,hours,Voluntarily Terminated,Production       ,Elijiah Gray,16,Diversity Job Fair,Fully Meets,4.24,4,0,4/29/2016,0,2
10050,"Pham, Hong",1,1,1,5,5,3,0," 64,724.00 ",1,19,Production Technician I,MA,2451,03/06/1988,M ,Married,US Citizen,No,Asian,07/05/2011,11/30/2012,more money,Voluntarily Terminated,Production       ,Brannon Miller,12,Google Search,Fully Meets,5,3,0,2/20/2012,0,13
10097,"Harrington, Christie ",0,0,0,5,5,3,0," 52,177.00 ",1,19,Production Technician I,MA,2324,08/18/1952,F,Single,US Citizen,No,White,01/09/2012,12/15/2015,retiring,Voluntarily Terminated,Production       ,Webster Butler,39,CareerBuilder,Fully Meets,4.64,4,0,05/02/2015,0,8
10286,"Smith, Martin",0,0,1,5,5,2,0," 53,564.00 ",1,19,Production Technician I,MA,2458,03/17/1988,M ,Single,US Citizen,No,Black or African American,01/10/2011,12/28/2017,career change,Voluntarily Terminated,Production       ,Webster Butler,39,Google Search,Needs Improvement,3.54,5,0,04/06/2017,4,15
10199,"Booth, Frank",0,0,1,4,3,3,0," 103,613.00 ",1,30,Enterprise Architect,CT,6033,07/30/1964,M ,Single,US Citizen,No,Black or African American,2/17/2014,2/19/2016,Learned that he is a gangster,Terminated for Cause,IT/IS,Simon Roup,4,LinkedIn,Fully Meets,3.5,5,7,01/10/2016,0,2
10033,"Winthrop, Jordan  ",0,0,1,5,5,4,0," 70,507.00 ",1,20,Production Technician II,MA,2045,11/07/1958,M ,Single,US Citizen,No,White,01/07/2013,2/21/2016,retiring,Voluntarily Terminated,Production       ,Brannon Miller,12,LinkedIn,Exceeds,5,3,0,1/19/2016,0,7
10118,"Voldemort, Lord",1,1,1,4,3,3,0," 113,999.00 ",1,8,Database Administrator,MA,1960,08/07/1986,M ,Married,US Citizen,No,Black or African American,2/16/2015,2/22/2017,"no-call, no-show",Terminated for Cause,IT/IS,Simon Roup,4,Employee Referral,Fully Meets,4.33,3,7,2/15/2017,0,9
10296,"Evensen, April",0,0,0,4,5,2,0," 59,124.00 ",1,19,Production Technician I,MA,2458,05/06/1989,F,Single,US Citizen,No,White,2/17/2014,2/25/2018,"no-call, no-show",Terminated for Cause,Production       ,Elijiah Gray,16,Google Search,Needs Improvement,2.3,3,0,1/15/2017,5,19
10246,"Goble, Taisha",0,0,0,4,3,3,0," 114,800.00 ",1,8,Database Administrator,MA,2127,10/23/1971,F,Single,US Citizen,No,White,2/16/2015,3/15/2015,"no-call, no-show",Terminated for Cause,IT/IS,Simon Roup,4,Indeed,Fully Meets,4.6,4,4,1/20/2015,0,10
10106,"Langford, Lindsey",0,2,0,5,5,3,0," 66,074.00 ",1,20,Production Technician II,MA,2090,07/25/1979,F,Divorced,US Citizen,No,Asian,01/07/2013,3/31/2014,Another position,Voluntarily Terminated,Production       ,David Stanley,14,Indeed,Fully Meets,4.52,3,0,2/20/2014,0,20
10249,"Latif, Mohammed",1,1,1,5,5,3,0," 61,962.00 ",1,20,Production Technician II,MA,2126,05/09/1984,M ,Married,US Citizen,No,White,04/02/2012,4/15/2013,more money,Voluntarily Terminated,Production       ,Kissy Sullivan,20,Google Search,Fully Meets,4.9,3,0,2/20/2013,0,20
10182,"Howard, Estelle",1,1,0,1,1,3,0," 49,920.00 ",1,2,Administrative Assistant,MA,2170,09/16/1985,F,Married,US Citizen,No,Black or African American,2/16/2015,4/15/2015,"no-call, no-show",Terminated for Cause,Admin Offices,Brandon R. LeBlanc,1,Indeed,Fully Meets,3.24,3,4,4/15/2015,0,6
10102,"True, Edward",0,0,1,5,4,3,1," 100,416.00 ",1,24,Software Engineer,MA,2451,06/14/1983,M ,Single,Non-Citizen,No,Black or African American,2/18/2013,4/15/2018,medical issues,Voluntarily Terminated,Software Engineering,Alex Sweetwater,10,Diversity Job Fair,Fully Meets,4.6,3,4,02/12/2017,0,9
10244,"Kampew, Donysha",0,0,0,5,6,3,0," 68,999.00 ",1,21,Sales Manager,PA,19444,11/11/1989,F,Single,US Citizen,No,White,11/07/2011,4/24/2014,maternity leave - did not return,Voluntarily Terminated,Sales,Debra Houlihan,15,Google Search,Fully Meets,4.5,5,0,3/30/2013,0,2
10034,"Johnson, George",1,1,1,5,5,4,0," 46,837.00 ",1,19,Production Technician I,MA,2445,08/19/1959,M ,Married,US Citizen,No,White,11/07/2011,4/29/2018,more money,Voluntarily Terminated,Production       ,Michael Albert,22,CareerBuilder,Exceeds,4.7,4,0,2/14/2018,0,9
10204,"Wilkes, Annie",0,2,0,5,5,3,0," 58,062.00 ",1,19,Production Technician I,MA,1876,07/30/1983,F,Divorced,US Citizen,No,White,01/10/2011,5/14/2012,Another position,Voluntarily Terminated,Production       ,Ketsia Liebig,19,Google Search,Fully Meets,3.6,5,0,02/06/2011,0,9
10072,"Whittier, Scott",0,0,1,5,5,3,0," 58,371.00 ",1,19,Production Technician I,MA,2030,05/24/1987,M ,Single,US Citizen,Yes,White,01/10/2011,5/15/2014,hours,Voluntarily Terminated,Production       ,Webster Butler,39,LinkedIn,Fully Meets,5,5,0,5/15/2014,0,11
10285,"Robinson, Cherly",1,1,0,4,5,2,0," 61,422.00 ",1,19,Production Technician I,MA,1460,01/07/1985,F,Married,US Citizen,No,White,01/10/2011,5/17/2016,attendance,Terminated for Cause,Production       ,Ketsia Liebig,19,Indeed,Needs Improvement,3.6,3,0,04/05/2016,4,16
10189,"Ferguson, Susan",1,1,0,5,5,3,0," 57,748.00 ",1,19,Production Technician I,MA,2176,04/14/1955,F,Married,US Citizen,No,White,11/07/2011,5/17/2016,military,Voluntarily Terminated,Production       ,Webster Butler,39,Google Search,Fully Meets,3.13,3,0,02/04/2016,0,16
10130,"Peterson, Ebonee  ",1,1,0,5,5,3,0," 74,669.00 ",1,18,Production Manager,MA,2030,05/09/1977,F,Married,US Citizen,No,White,10/25/2010,5/18/2016,Another position,Voluntarily Terminated,Production       ,Janet King,2,Indeed,Fully Meets,4.16,5,0,03/05/2015,0,6
10185,"Ndzi, Horia",1,1,1,5,5,3,0," 46,664.00 ",1,19,Production Technician I,MA,2421,03/28/1983,M ,Married,US Citizen,No,White,04/01/2013,5/25/2016,more money,Voluntarily Terminated,Production       ,Amy Dunn,11,Employee Referral,Fully Meets,3.18,3,0,03/06/2016,0,10
10300,"Gonzalez, Juan",1,1,1,5,5,1,1," 68,898.00 ",1,20,Production Technician II,MA,2128,10/12/1964,M ,Married,US Citizen,No,Black or African American,4/26/2010,5/30/2011,career change,Voluntarily Terminated,Production       ,Brannon Miller,12,Diversity Job Fair,PIP,3,3,0,03/06/2011,3,10
10177,"Brill, Donna",1,1,0,5,5,3,0," 53,492.00 ",1,19,Production Technician I,MA,1701,08/24/1990,F,Married,US Citizen,No,White,04/02/2012,6/15/2013,Another position,Voluntarily Terminated,Production       ,David Stanley,14,Google Search,Fully Meets,3.35,4,0,03/04/2013,0,6
10084,"Ait Sidi, Karthikeyan   ",1,1,1,5,3,3,0," 104,437.00 ",1,27,Sr. DBA,MA,2148,05/05/1975,M ,Married,US Citizen,No,White,3/30/2015,6/16/2016,career change,Voluntarily Terminated,IT/IS,Simon Roup,4,Indeed,Fully Meets,4.96,3,6,2/24/2016,0,17
10075,"Hendrickson, Trina",0,0,0,5,5,3,0," 68,099.00 ",1,20,Production Technician II,MA,2021,08/27/1972,F,Single,US Citizen,No,White,01/10/2011,6/18/2013,hours,Voluntarily Terminated,Production       ,Kelley Spirea,18,CareerBuilder,Fully Meets,5,3,0,1/30/2013,0,15
10262,"Purinton, Janine",0,2,0,5,5,3,0," 46,430.00 ",1,19,Production Technician I,MA,2474,09/22/1970,F,Divorced,US Citizen,No,White,9/24/2012,6/18/2013,unhappy,Voluntarily Terminated,Production       ,Kissy Sullivan,20,Indeed,Fully Meets,4.5,5,0,04/02/2013,0,16
10093,"Fitzpatrick, Michael  J",0,0,1,5,5,3,0," 72,609.00 ",1,20,Production Technician II,MA,2143,10/01/1981,M ,Single,US Citizen,Yes,White,5/16/2011,6/24/2013,hours,Voluntarily Terminated,Production       ,Amy Dunn,11,Google Search,Fully Meets,4.76,5,0,04/05/2013,0,20
10283,"Gilles, Alex",1,1,1,5,5,2,1," 54,933.00 ",1,19,Production Technician I,MA,2062,08/09/1974,M ,Married,US Citizen,No,Black or African American,04/02/2012,6/25/2015,military,Voluntarily Terminated,Production       ,Webster Butler,39,Diversity Job Fair,Needs Improvement,3.97,4,0,1/20/2015,3,15
10264,"Williams, Jacquelyn  ",0,0,0,5,5,3,1," 59,728.00 ",1,19,Production Technician I,MA,2109,10/02/1969,F,Single,US Citizen,Yes,Black or African American,01/09/2012,6/27/2015,relocation out of area,Voluntarily Terminated,Production       ,Ketsia Liebig,19,Diversity Job Fair,Fully Meets,4.3,4,0,06/02/2014,0,16
10030,"Squatrito, Kristen",0,2,0,5,5,4,0," 62,425.00 ",1,19,Production Technician I,MA,2359,03/26/1973,F,Divorced,US Citizen,No,White,5/13/2013,6/29/2015,unhappy,Voluntarily Terminated,Production       ,David Stanley,14,LinkedIn,Exceeds,4.1,4,0,03/02/2015,0,16
10260,"Sadki, Nore  ",0,0,1,5,5,3,0," 46,428.00 ",1,19,Production Technician I,MA,2148,12/21/1974,M ,Single,US Citizen,No,White,01/05/2009,7/30/2018,relocation out of area,Voluntarily Terminated,Production       ,Michael Albert,22,Google Search,Fully Meets,4.6,5,0,02/05/2018,0,7
10065,"Rossetti, Bruno",0,0,1,5,5,3,0," 53,180.00 ",1,19,Production Technician I,MA,2155,03/18/1987,M ,Single,US Citizen,No,White,04/04/2011,8/13/2018,Another position,Voluntarily Terminated,Production       ,Kissy Sullivan,20,Google Search,Fully Meets,5,5,0,07/02/2018,0,4
10131,"Quinn, Sean",1,1,1,5,1,3,1," 83,363.00 ",1,23,Software Engineer,MA,2045,11/06/1984,M ,Married,Eligible NonCitizen,No,Black or African American,2/21/2011,8/15/2015,career change,Voluntarily Terminated,Software Engineering,Janet King,2,Diversity Job Fair,Fully Meets,4.15,4,0,4/19/2014,0,4
10073,"Mancuso, Karen",1,1,0,5,5,3,0," 68,407.00 ",1,20,Production Technician II,MA,2176,12/10/1986,F,Married,US Citizen,No,Two or more races,07/05/2011,8/19/2012,Another position,Voluntarily Terminated,Production       ,Amy Dunn,11,LinkedIn,Fully Meets,5,4,0,07/02/2012,0,16
10078,"Oliver, Brooke ",1,1,0,5,5,3,0," 71,966.00 ",1,20,Production Technician II,MA,2492,02/11/1952,F,Married,US Citizen,No,Asian,5/14/2012,8/19/2013,unhappy,Voluntarily Terminated,Production       ,Webster Butler,39,LinkedIn,Fully Meets,5,3,0,07/02/2013,0,17
10305,"Forrest, Alex",1,1,1,1,6,3,0," 70,187.00 ",1,3,Area Sales Manager,MA,2330,07/07/1975,M ,Married,US Citizen,No,White,9/29/2014,8/19/2018,Fatal attraction,Terminated for Cause,Sales,Lynn Daneault,21,Employee Referral,PIP,2,5,0,1/28/2019,4,7
10087,"Leach, Dallas",0,0,0,5,5,3,0," 63,676.00 ",1,19,Production Technician I,MA,1810,01/17/1979,F,Single,US Citizen,No,Asian,9/26/2011,8/19/2018,return to school,Voluntarily Terminated,Production       ,Kissy Sullivan,20,CareerBuilder,Fully Meets,4.88,3,0,07/02/2017,0,17
10268,"Thibaud, Kenneth",0,4,1,5,5,3,0," 67,176.00 ",1,20,Production Technician II,MA,2472,09/16/1975,M ,Widowed,US Citizen,No,White,6/25/2007,8/30/2010,military,Voluntarily Terminated,Production       ,Webster Butler,39,Other,Fully Meets,4.1,4,0,7/14/2010,0,15
10297,"Pelletier, Ermine",1,1,0,5,5,2,0," 60,270.00 ",1,20,Production Technician II,MA,2472,07/18/1989,F,Married,US Citizen,No,Asian,07/05/2011,9/15/2015,unhappy,Voluntarily Terminated,Production       ,Amy Dunn,11,CareerBuilder,Needs Improvement,2.4,5,0,02/06/2015,5,2
10096,"Lundy, Susan",0,4,0,5,5,3,0," 67,237.00 ",1,20,Production Technician II,MA,2122,12/26/1976,F,Widowed,US Citizen,No,White,07/08/2013,9/15/2016,more money,Voluntarily Terminated,Production       ,Michael Albert,22,LinkedIn,Fully Meets,4.65,4,0,06/10/2016,0,15
10242,"Barbara, Thomas",1,1,1,5,5,3,1," 47,211.00 ",1,19,Production Technician I,MA,2062,02/21/1974,M ,Married,US Citizen,Yes,Black or African American,04/02/2012,9/19/2016,unhappy,Voluntarily Terminated,Production       ,Kissy Sullivan,20,Diversity Job Fair,Fully Meets,4.2,3,0,05/06/2016,0,15
10292,"Cole, Spencer",0,0,1,4,5,2,0," 59,144.00 ",1,19,Production Technician I,MA,1880,08/12/1979,M ,Single,US Citizen,No,Black or African American,07/11/2011,9/23/2016,performance,Terminated for Cause,Production       ,Kissy Sullivan,20,LinkedIn,Needs Improvement,2,3,0,05/01/2016,5,16
10196,"Akinkuolie, Sarah",1,1,0,5,5,3,0," 64,955.00 ",1,20,Production Technician II,MA,1810,09/19/1988,F,Married,US Citizen,No,White,07/05/2011,9/24/2012,hours,Voluntarily Terminated,Production       ,Kissy Sullivan,20,LinkedIn,Fully Meets,3.02,3,0,5/15/2012,0,3
10289,"Immediato, Walter",1,1,1,5,5,2,0," 83,082.00 ",1,18,Production Manager,MA,2128,11/15/1976,M ,Married,US Citizen,No,Asian,2/21/2011,9/24/2012,unhappy,Voluntarily Terminated,Production       ,Janet King,2,Indeed,Needs Improvement,2.34,2,0,04/12/2012,3,4
10153,"Smith, Leigh Ann",1,1,0,5,1,3,1," 55,000.00 ",1,2,Administrative Assistant,MA,1844,06/14/1987,F,Married,US Citizen,No,Black or African American,9/26/2011,9/25/2013,career change,Voluntarily Terminated,Admin Offices,Brandon R. LeBlanc,1,Diversity Job Fair,Fully Meets,3.8,4,4,8/15/2013,0,17
10269,"Close, Phil",1,1,1,5,5,3,0," 59,369.00 ",1,20,Production Technician II,MA,2169,11/25/1978,M ,Married,US Citizen,No,White,8/30/2010,9/26/2011,career change,Voluntarily Terminated,Production       ,David Stanley,14,Indeed,Fully Meets,4.2,4,0,05/04/2011,0,6
10191,"MacLennan, Samuel",0,4,1,5,5,3,0," 52,788.00 ",1,19,Production Technician I,MA,1938,11/09/1972,M ,Widowed,US Citizen,No,White,9/24/2012,9/26/2017,hours,Voluntarily Terminated,Production       ,Amy Dunn,11,Indeed,Fully Meets,3.08,4,0,04/01/2017,0,18
10186,"Linares, Marilyn ",1,1,0,5,5,3,0," 52,624.00 ",1,19,Production Technician I,MA,1886,03/26/1981,F,Married,US Citizen,No,White,07/05/2011,9/26/2018,unhappy,Voluntarily Terminated,Production       ,Michael Albert,22,Indeed,Fully Meets,3.18,4,0,03/02/2018,0,16
10280,"Estremera, Miguel",0,0,1,4,5,2,0," 60,340.00 ",1,19,Production Technician I,MA,2129,09/02/1983,M ,Single,US Citizen,No,White,04/02/2012,9/27/2018,attendance,Terminated for Cause,Production       ,Michael Albert,22,Google Search,Needs Improvement,5,4,0,04/12/2018,5,16
10301,"Ybarra, Catherine ",0,0,0,5,5,1,0," 48,513.00 ",1,19,Production Technician I,MA,2458,05/04/1982,F,Single,US Citizen,No,Asian,09/02/2008,9/29/2015,Another position,Voluntarily Terminated,Production       ,Brannon Miller,12,Google Search,PIP,3.2,2,0,09/02/2015,5,4
10067,"Chace, Beatrice ",0,0,0,1,5,3,0," 61,656.00 ",0,19,Production Technician I,MA,2763,01/02/1951,F,Single,US Citizen,No,White,9/29/2014,,N/A-StillEmployed,Active,Production       ,Michael Albert,22,Google Search,Fully Meets,5,4,0,02/12/2019,0,11
10140,"Ren, Kylo",1,1,1,1,6,3,0," 61,809.00 ",0,3,Area Sales Manager,ID,83706,10/12/1954,M ,Married,US Citizen,No,White,05/12/2014,,N/A-StillEmployed,Active,Sales,John Smith,17,CareerBuilder,Fully Meets,3.98,3,0,1/28/2019,0,4
10157,"Smith, Sade",0,0,0,1,5,3,0," 58,939.00 ",0,19,Production Technician I,MA,2130,02/02/1965,F,Single,US Citizen,No,White,11/11/2013,,N/A-StillEmployed,Active,Production       ,Ketsia Liebig,19,Employee Referral,Fully Meets,3.73,3,0,1/24/2019,0,16
10161,"Terry, Sharlene ",0,0,0,1,6,3,0," 58,370.00 ",0,3,Area Sales Manager,OR,97756,05/07/1965,F,Single,US Citizen,No,Black or African American,9/29/2014,,N/A-StillEmployed,Active,Sales,Lynn Daneault,21,Indeed,Fully Meets,3.69,3,0,1/28/2019,0,18
10083,"Cross, Noah",0,0,1,1,3,3,0," 92,329.00 ",0,28,Sr. Network Engineer,CT,6278,09/09/1965,M ,Single,US Citizen,No,White,11/10/2014,,N/A-StillEmployed,Active,IT/IS,Peter Monroe,7,Employee Referral,Fully Meets,5,3,4,01/02/2019,0,5
10037,"Ngodup, Shari ",0,3,0,1,5,4,1," 52,984.00 ",0,19,Production Technician I,MA,1810,06/03/1967,F,Separated,US Citizen,No,Black or African American,04/01/2013,,N/A-StillEmployed,Active,Production       ,Brannon Miller,12,Diversity Job Fair,Exceeds,4,3,0,2/13/2019,0,12
10123,"Tippett, Jeanette",0,2,0,1,5,3,0," 56,339.00 ",0,19,Production Technician I,MA,2093,06/05/1967,F,Divorced,US Citizen,No,Black or African American,2/18/2013,,N/A-StillEmployed,Active,Production       ,Brannon Miller,12,Indeed,Fully Meets,4.21,5,0,1/14/2019,0,4
10295,"Saar-Beckles, Melinda",0,0,0,2,5,2,1," 47,750.00 ",0,19,Production Technician I,MA,1801,06/06/1968,F,Single,US Citizen,No,Black or African American,07/04/2016,,N/A-StillEmployed,Active,Production       ,Kelley Spirea,18,Diversity Job Fair,Needs Improvement,2.6,4,0,2/18/2019,5,4
10273,"Galia, Lisa",0,0,0,1,3,3,0," 65,707.00 ",0,14,IT Support,CT,6040,07/06/1968,F,Single,US Citizen,No,White,05/01/2010,,N/A-StillEmployed,Active,IT/IS,Eric Dougall,6,LinkedIn,Fully Meets,4.7,4,5,02/01/2019,0,1
10144,"Vega, Vincent",0,2,1,1,5,3,0," 88,976.00 ",0,17,Production Manager,MA,2169,10/10/1968,M ,Divorced,US Citizen,No,White,08/01/2011,,N/A-StillEmployed,Active,Production       ,Janet King,2,Employee Referral,Fully Meets,3.93,3,0,2/27/2019,0,19
10036,"Johnston, Yen",0,0,0,1,5,4,0," 63,322.00 ",0,20,Production Technician II,MA,2128,09/08/1969,F,Single,US Citizen,No,White,07/07/2014,,N/A-StillEmployed,Active,Production       ,Brannon Miller,12,LinkedIn,Exceeds,4.3,3,0,01/11/2019,0,1
10178,"Simard, Kramer",1,1,1,1,3,3,0," 87,826.00 ",0,9,Data Analyst,MA,2110,02/08/1970,M ,Married,US Citizen,Yes,White,01/05/2015,,N/A-StillEmployed,Active,IT/IS,Simon Roup,4,Employee Referral,Fully Meets,3.32,3,7,1/14/2019,0,16
10028,"Dougall, Eric",0,0,1,1,3,4,0," 138,888.00 ",0,13,IT Manager - Support,MA,1886,07/09/1970,M ,Single,US Citizen,No,Black or African American,01/05/2014,,N/A-StillEmployed,Active,IT/IS,Jennifer Zamora,5,Indeed,Exceeds,4.3,5,5,01/04/2019,0,4
10114,"Bachiochi, Linda",0,0,0,3,5,3,1," 47,837.00 ",0,19,Production Technician I,MA,1902,02/11/1970,F,Single,US Citizen,No,Black or African American,07/06/2009,,N/A-StillEmployed,Active,Production       ,Brannon Miller,12,Diversity Job Fair,Fully Meets,4.46,3,0,1/25/2019,0,4
10200,"Chigurh, Anton",0,0,1,1,6,3,0," 66,808.00 ",0,3,Area Sales Manager,TX,78207,06/11/1970,M ,Single,Eligible NonCitizen,No,Black or African American,5/14/2012,,N/A-StillEmployed,Active,Sales,Lynn Daneault,21,Employee Referral,Fully Meets,3,5,0,1/19/2019,0,17
10108,"Champaigne, Brian",1,1,1,1,3,3,0," 110,929.00 ",0,5,BI Director,MA,2045,02/09/1972,M ,Married,US Citizen,No,White,09/06/2016,,N/A-StillEmployed,Active,IT/IS,Jennifer Zamora,5,Indeed,Fully Meets,4.5,5,7,1/15/2019,0,8
10227,"Jackson, Maryellen",0,0,0,1,5,3,0," 61,242.00 ",0,19,Production Technician I,MA,2081,09/11/1972,F,Single,US Citizen,No,Black or African American,11/05/2012,,N/A-StillEmployed,Active,Production       ,David Stanley,14,LinkedIn,Fully Meets,4.1,3,0,1/17/2019,0,7
10198,"Roup,Simon",0,0,1,1,3,3,0," 140,920.00 ",0,13,IT Manager - DB,MA,2481,04/05/1973,M ,Single,US Citizen,No,White,1/20/2013,,N/A-StillEmployed,Active,IT/IS,Jennifer Zamora,5,Indeed,Fully Meets,3.6,5,7,2/18/2019,0,13
10011,"Rivera, Haley  ",1,1,0,1,5,4,0," 46,738.00 ",0,19,Production Technician I,MA,2171,01/12/1973,F,Married,US Citizen,No,Asian,11/28/2011,,N/A-StillEmployed,Active,Production       ,Webster Butler,,Google Search,Exceeds,4.36,5,0,02/11/2019,0,16
10119,"Soto, Julia ",1,1,0,1,3,3,0," 66,593.00 ",0,14,IT Support,MA,2360,03/12/1973,F,Married,US Citizen,No,Black or African American,06/10/2011,,N/A-StillEmployed,Active,IT/IS,Eric Dougall,6,LinkedIn,Fully Meets,4.3,3,5,02/08/2019,0,19
10120,"Moumanil, Maliki ",0,3,1,1,5,3,0," 74,417.00 ",0,20,Production Technician II,MA,1460,12/01/1974,M ,Separated,US Citizen,No,Black or African American,5/13/2013,,N/A-StillEmployed,Active,Production       ,Michael Albert,22,LinkedIn,Fully Meets,4.29,5,0,1/28/2019,0,11
10007,"Harrison, Kara",1,1,0,1,5,4,0," 62,065.00 ",0,19,Production Technician I,MA,1886,05/02/1974,F,Married,US Citizen,No,White,05/12/2014,,N/A-StillEmployed,Active,Production       ,Amy Dunn,11,CareerBuilder,Exceeds,4.76,4,0,2/15/2019,0,5
10054,"Rose, Ashley  ",0,3,0,1,5,3,0," 60,627.00 ",0,19,Production Technician I,MA,1886,12/05/1974,F,Separated,US Citizen,No,White,01/06/2014,,N/A-StillEmployed,Active,Production       ,David Stanley,14,Website,Fully Meets,5,4,0,1/31/2019,0,8
10279,"Mangal, Debbie",1,1,0,1,5,3,0," 61,349.00 ",0,19,Production Technician I,MA,2451,11/07/1974,F,Married,US Citizen,No,White,11/11/2013,,N/A-StillEmployed,Active,Production       ,Brannon Miller,12,LinkedIn,Fully Meets,4.1,3,0,1/22/2019,0,11
10307,"Stansfield, Norman",1,1,1,1,6,1,0," 58,273.00 ",0,3,Area Sales Manager,NV,89139,05/09/1974,M ,Married,US Citizen,No,White,05/12/2014,,N/A-StillEmployed,Active,Sales,Lynn Daneault,21,Website,PIP,1.81,2,0,1/17/2019,3,5
10256,"Goyal, Roxana",1,1,0,3,5,3,0," 49,256.00 ",0,19,Production Technician I,MA,1864,10/09/1974,F,Married,US Citizen,No,Asian,8/19/2013,,N/A-StillEmployed,Active,Production       ,Kissy Sullivan,20,LinkedIn,Fully Meets,4.1,5,0,2/15/2019,0,3
10306,"Delarge, Alex",0,0,1,1,6,1,0," 61,568.00 ",0,3,Area Sales Manager,AL,36006,11/02/1975,M ,Single,US Citizen,No,Two or more races,9/29/2014,,N/A-StillEmployed,Active,Sales,John Smith,17,Indeed,PIP,1.93,3,0,1/30/2019,6,5
10071,"Sewkumar, Nori",0,0,0,3,5,3,0," 50,923.00 ",0,19,Production Technician I,MA,2191,03/10/1975,F,Single,US Citizen,No,Asian,9/30/2013,,N/A-StillEmployed,Active,Production       ,Webster Butler,,Google Search,Fully Meets,5,5,0,02/06/2019,0,14
10223,"Moran, Patrick",0,0,1,3,5,3,1," 72,106.00 ",0,20,Production Technician II,MA,2127,12/03/1976,M ,Single,US Citizen,No,Black or African American,01/09/2012,,N/A-StillEmployed,Active,Production       ,Kelley Spirea,18,Diversity Job Fair,Fully Meets,4.1,4,0,1/31/2019,0,12
10190,"Walker, Roger",0,0,1,1,5,3,0," 66,541.00 ",0,20,Production Technician II,MA,2459,02/10/1976,M ,Single,US Citizen,No,Black or African American,8/18/2014,,N/A-StillEmployed,Active,Production       ,Ketsia Liebig,19,Employee Referral,Fully Meets,3.11,5,0,02/12/2019,0,4
10021,"Osturnka, Adeel",1,1,1,1,5,4,0," 47,414.00 ",0,19,Production Technician I,MA,2478,12/11/1976,M ,Married,US Citizen,No,White,9/30/2013,,N/A-StillEmployed,Active,Production       ,Kelley Spirea,18,LinkedIn,Exceeds,5,3,0,02/07/2019,0,13
10063,"Newman, Richard ",1,1,1,3,5,3,0," 48,495.00 ",0,19,Production Technician I,MA,2136,04/08/1977,M ,Married,US Citizen,No,White,05/12/2014,,N/A-StillEmployed,Active,Production       ,Ketsia Liebig,19,LinkedIn,Fully Meets,5,5,0,2/18/2019,0,11
10261,"Cockel, James",0,0,1,1,5,3,0," 63,108.00 ",0,19,Production Technician I,MA,2452,09/08/1977,M ,Single,US Citizen,No,White,07/08/2013,,N/A-StillEmployed,Active,Production       ,David Stanley,14,Employee Referral,Fully Meets,4.4,5,0,1/14/2019,0,3
10208,"Knapp, Bradley  J",0,0,1,1,5,3,0," 46,654.00 ",0,19,Production Technician I,MA,1721,11/10/1977,M ,Single,US Citizen,No,Black or African American,2/17/2014,,N/A-StillEmployed,Active,Production       ,Ketsia Liebig,19,LinkedIn,Fully Meets,3.1,3,0,02/06/2019,0,3
10127,"Warfield, Sarah",0,4,0,1,3,3,0," 107,226.00 ",0,28,Sr. Network Engineer,MA,2453,05/02/1978,F,Widowed,US Citizen,No,Asian,3/30/2015,,N/A-StillEmployed,Active,IT/IS,Peter Monroe,7,Employee Referral,Fully Meets,4.2,4,8,02/05/2019,0,7
10284,"DiNocco, Lily ",1,1,0,1,5,2,0," 61,584.00 ",0,19,Production Technician I,MA,2351,12/02/1978,F,Married,US Citizen,No,Black or African American,01/07/2013,,N/A-StillEmployed,Active,Production       ,Brannon Miller,12,Indeed,Needs Improvement,3.88,4,0,1/18/2019,0,6
10056,"Darson, Jene'ya ",1,1,0,1,5,3,0," 57,583.00 ",0,19,Production Technician I,MA,2110,11/05/1978,F,Married,US Citizen,No,White,07/02/2012,,N/A-StillEmployed,Active,Production       ,Elijiah Gray,16,Indeed,Fully Meets,5,3,0,2/25/2019,0,1
10151,"Morway, Tanya",1,1,0,1,3,3,0," 52,599.00 ",0,15,Network Engineer,MA,2048,04/04/1979,F,Married,US Citizen,No,White,2/16/2015,,N/A-StillEmployed,Active,IT/IS,Peter Monroe,7,CareerBuilder,Fully Meets,3.81,3,6,02/11/2019,0,6
10155,"Del Bosque, Keyla",0,0,0,1,4,3,0," 101,199.00 ",0,24,Software Engineer,MA,2176,07/05/1979,F,Single,US Citizen,No,Black or African American,01/09/2012,,N/A-StillEmployed,Active,Software Engineering,Alex Sweetwater,10,CareerBuilder,Fully Meets,3.79,5,5,1/25/2019,0,8
10277,"Becker, Scott",0,0,1,3,5,3,0," 53,250.00 ",0,19,Production Technician I,MA,2452,04/06/1979,M ,Single,US Citizen,No,Asian,07/08/2013,,N/A-StillEmployed,Active,Production       ,Webster Butler,,LinkedIn,Fully Meets,4.2,4,0,01/11/2019,0,13
10217,"Petingill, Shana  ",1,1,0,1,5,3,0," 74,226.00 ",0,20,Production Technician II,MA,2050,03/10/1979,F,Married,Eligible NonCitizen,No,Asian,04/02/2012,,N/A-StillEmployed,Active,Production       ,Brannon Miller,12,LinkedIn,Fully Meets,4.3,3,0,1/14/2019,0,14
10210,"Chan, Lin",0,0,0,1,5,3,0," 54,237.00 ",0,19,Production Technician I,MA,2170,02/12/1979,F,Single,US Citizen,No,White,05/12/2014,,N/A-StillEmployed,Active,Production       ,Elijiah Gray,16,Indeed,Fully Meets,3.3,4,0,2/19/2019,0,11
10176,"Kretschmer, John",1,1,1,1,5,3,0," 63,973.00 ",0,19,Production Technician I,MA,1801,02/02/1980,M ,Married,US Citizen,No,Asian,01/10/2011,,N/A-StillEmployed,Active,Production       ,Brannon Miller,12,Indeed,Fully Meets,3.38,3,0,1/21/2019,0,17
10107,"Burke, Joelle",0,0,0,1,5,3,0," 63,763.00 ",0,20,Production Technician II,MA,2148,03/02/1980,F,Single,US Citizen,No,Black or African American,03/05/2012,,N/A-StillEmployed,Active,Production       ,Amy Dunn,11,Employee Referral,Fully Meets,4.51,4,0,2/21/2019,0,3
10015,"Foss, Jason",0,0,1,1,3,4,0," 178,000.00 ",0,12,IT Director,MA,1460,07/05/1980,M ,Single,US Citizen,No,Black or African American,4/15/2011,,N/A-StillEmployed,Active,IT/IS,Jennifer Zamora,5,Indeed,Exceeds,5,5,5,01/07/2019,0,15
10018,"Girifalco, Evelyn",0,0,0,1,5,4,0," 57,815.00 ",0,19,Production Technician I,MA,2451,05/08/1980,F,Single,US Citizen,Yes,Two or more races,9/29/2014,,N/A-StillEmployed,Active,Production       ,Amy Dunn,11,Indeed,Exceeds,3.9,4,0,02/07/2019,0,3
10239,"Rachael, Maggie",1,1,0,1,3,3,0," 95,920.00 ",0,4,BI Developer,MA,2110,05/12/1980,F,Married,US Citizen,No,Black or African American,10/02/2016,,N/A-StillEmployed,Active,IT/IS,Brian Champaigne,13,Indeed,Fully Meets,4.4,4,6,02/06/2019,0,10
10172,"Wang, Charlie",0,0,1,1,3,3,0," 84,903.00 ",0,22,Senior BI Developer,MA,1887,07/08/1981,M ,Single,US Citizen,No,Asian,2/15/2017,,N/A-StillEmployed,Active,IT/IS,Brian Champaigne,13,Indeed,Fully Meets,3.42,4,7,01/04/2019,0,17
10116,"Miller, Brannon",0,0,1,1,5,3,0," 83,667.00 ",0,18,Production Manager,MA,2045,08/10/1981,M ,Single,US Citizen,yes,Hispanic,8/16/2012,,N/A-StillEmployed,Active,Production       ,Janet King,2,Indeed,Fully Meets,4.37,3,0,1/14/2019,0,2
10098,"Gray, Elijiah  ",0,2,1,1,5,3,0," 62,957.00 ",0,18,Production Manager,MA,1752,07/11/1981,M ,Divorced,US Citizen,No,White,06/02/2015,,N/A-StillEmployed,Active,Production       ,Janet King,2,Employee Referral,Fully Meets,4.63,3,0,01/04/2019,0,2
10162,"Roby, Lori ",1,1,0,1,3,3,0," 89,883.00 ",0,9,Data Analyst,MA,1886,10/11/1981,F,Married,US Citizen,No,White,2/16/2015,,N/A-StillEmployed,Active,IT/IS,Simon Roup,4,Employee Referral,Fully Meets,3.69,5,6,2/14/2019,0,15
10251,"Lecter, Hannibal",1,1,1,1,5,3,0," 64,738.00 ",0,19,Production Technician I,MA,1776,09/02/1982,M ,Married,US Citizen,No,Asian,5/14/2012,,N/A-StillEmployed,Active,Production       ,Elijiah Gray,16,Google Search,Fully Meets,4.1,3,0,2/22/2019,0,10
10117,"Sullivan, Timothy",1,1,1,1,5,3,0," 63,025.00 ",0,19,Production Technician I,MA,2747,10/07/1982,M ,Married,US Citizen,Yes,White,01/05/2015,,N/A-StillEmployed,Active,Production       ,Michael Albert,22,Google Search,Fully Meets,4.36,5,0,1/24/2019,0,10
10115,"Carey, Michael  ",0,0,1,1,5,3,0," 52,846.00 ",0,19,Production Technician I,MA,1701,02/02/1983,M ,Single,US Citizen,No,Black or African American,3/31/2014,,N/A-StillEmployed,Active,Production       ,Kelley Spirea,18,LinkedIn,Fully Meets,4.43,3,0,02/01/2019,0,14
10257,"Gaul, Barbara",0,0,0,1,5,3,0," 53,171.00 ",0,19,Production Technician I,MA,2121,12/02/1983,F,Single,US Citizen,Yes,Black or African American,5/16/2011,,N/A-StillEmployed,Active,Production       ,Kelley Spirea,18,LinkedIn,Fully Meets,4.2,4,0,2/26/2019,0,12
10197,"DeVito, Tommy",0,0,1,1,3,3,0," 96,820.00 ",0,4,BI Developer,MA,2045,09/04/1983,M ,Single,US Citizen,No,White,2/15/2017,,N/A-StillEmployed,Active,IT/IS,Brian Champaigne,13,Indeed,Fully Meets,3.01,5,7,1/23/2019,0,15
10024,"Szabo, Andrew",0,0,1,1,4,4,0," 92,989.00 ",0,24,Software Engineer,MA,2140,05/06/1983,M ,Single,US Citizen,No,White,07/07/2014,,N/A-StillEmployed,Active,Software Engineering,Alex Sweetwater,10,LinkedIn,Exceeds,4.5,5,5,2/18/2019,0,1
10218,"Gosciminski, Phylicia  ",0,3,0,3,5,3,0," 66,149.00 ",0,20,Production Technician II,MA,1824,12/08/1983,F,Separated,US Citizen,No,American Indian or Alaska Native,9/30/2013,,N/A-StillEmployed,Active,Production       ,Kissy Sullivan,20,Google Search,Fully Meets,4.4,5,0,2/21/2019,0,1
10180,"Soze, Keyser",1,1,1,2,3,3,0," 87,565.00 ",0,28,Sr. Network Engineer,MA,1545,02/09/1983,M ,Married,US Citizen,No,Asian,6/30/2016,,N/A-StillEmployed,Active,IT/IS,Peter Monroe,7,LinkedIn,Fully Meets,3.27,4,5,1/14/2019,0,13
10001,"Candie, Calvin",0,0,1,1,5,4,0," 72,640.00 ",0,18,Production Manager,MA,2169,08/09/1983,M ,Single,US Citizen,No,White,1/28/2016,,N/A-StillEmployed,Active,Production       ,Janet King,2,Indeed,Exceeds,5,3,0,2/22/2019,0,14
10026,"Adinolfi, Wilson  K",0,0,1,1,5,4,0," 62,506.00 ",0,19,Production Technician I,MA,1960,07/10/1983,M ,Single,US Citizen,No,White,07/05/2011,,N/A-StillEmployed,Active,Production       ,Michael Albert,22,LinkedIn,Exceeds,4.6,5,0,1/17/2019,0,1
10202,"McKinzie, Jac",1,1,1,2,6,3,0," 63,291.00 ",0,3,Area Sales Manager,TX,78789,07/01/1984,M ,Married,US Citizen,No,Two or more races,07/06/2016,,N/A-StillEmployed,Active,Sales,Lynn Daneault,21,Website,Fully Meets,3.4,4,0,1/29/2019,0,7
10129,"Heitzman, Anthony",0,0,1,1,5,3,0," 46,998.00 ",0,19,Production Technician I,MA,2149,01/04/1984,M ,Single,US Citizen,No,White,8/13/2012,,N/A-StillEmployed,Active,Production       ,Ketsia Liebig,19,Google Search,Fully Meets,4.17,4,0,02/11/2019,0,1
10254,"Motlagh,  Dawn",0,2,0,1,5,3,0," 63,430.00 ",0,19,Production Technician I,MA,2453,07/07/1984,F,Divorced,US Citizen,No,White,04/01/2013,,N/A-StillEmployed,Active,Production       ,Elijiah Gray,16,LinkedIn,Fully Meets,4.4,4,0,1/17/2019,0,18
10206,"Nguyen, Lei-Ming",0,0,0,1,5,3,0," 62,061.00 ",0,19,Production Technician I,MA,2132,07/07/1984,F,Single,US Citizen,No,White,07/08/2013,,N/A-StillEmployed,Active,Production       ,David Stanley,14,LinkedIn,Fully Meets,3.6,5,0,01/02/2019,0,4
10134,"LeBlanc, Brandon  R",1,1,1,1,1,3,0," 93,046.00 ",0,23,Shared Services Manager,MA,1460,06/10/1984,M ,Married,US Citizen,No,White,01/05/2016,,N/A-StillEmployed,Active,Admin Offices,Janet King,2,CareerBuilder,Fully Meets,4.1,4,0,1/28/2019,0,20
10201,"Hunts, Julissa",0,0,0,2,5,3,0," 69,340.00 ",0,20,Production Technician II,MA,2021,03/11/1984,F,Single,US Citizen,No,White,06/06/2016,,N/A-StillEmployed,Active,Production       ,Elijiah Gray,16,LinkedIn,Fully Meets,3,5,0,1/18/2019,0,4
10220,"Clayton, Rick",0,0,1,1,3,3,0," 68,678.00 ",0,14,IT Support,MA,2170,09/05/1985,M ,Single,US Citizen,No,White,09/05/2012,,N/A-StillEmployed,Active,IT/IS,Eric Dougall,6,Indeed,Fully Meets,4.7,3,6,2/27/2019,0,2
10183,"Von Massenbach, Anna",0,0,0,2,5,3,0," 62,068.00 ",0,19,Production Technician I,MA,2124,04/06/1985,F,Single,US Citizen,No,White,07/05/2015,,N/A-StillEmployed,Active,Production       ,Michael Albert,22,LinkedIn,Fully Meets,3.21,3,0,1/29/2019,0,7
10135,"Woodson, Jason",0,0,1,1,5,3,0," 65,893.00 ",0,20,Production Technician II,MA,1810,05/11/1985,M ,Single,US Citizen,No,White,07/07/2014,,N/A-StillEmployed,Active,Production       ,Kissy Sullivan,20,LinkedIn,Fully Meets,4.07,4,0,2/28/2019,0,13
10147,"Steans, Tyrone  ",0,0,1,1,1,3,0," 63,003.00 ",0,1,Accountant I,MA,2703,09/01/1986,M ,Single,US Citizen,No,White,9/29/2014,,N/A-StillEmployed,Active,Admin Offices,Brandon R. LeBlanc,1,Indeed,Fully Meets,3.9,5,5,1/18/2019,0,9
10288,"Monroe, Peter",1,1,1,1,3,2,1," 157,000.00 ",0,13,IT Manager - Infra,MA,2134,10/05/1986,M ,Married,Eligible NonCitizen,Yes,Black or African American,2/15/2012,,N/A-StillEmployed,Active,IT/IS,Jennifer Zamora,5,Diversity Job Fair,Needs Improvement,2.39,3,6,2/22/2019,4,13
10082,"Carr, Claudia  N",0,0,0,2,3,3,0," 100,031.00 ",0,27,Sr. DBA,MA,1886,06/06/1986,F,Single,US Citizen,No,Black or African American,6/30/2016,,N/A-StillEmployed,Active,IT/IS,Simon Roup,4,LinkedIn,Fully Meets,5,5,6,2/18/2019,0,7
10009,"Jeannite, Tayana",0,2,0,1,5,4,0," 60,724.00 ",0,20,Production Technician II,MA,1821,11/06/1986,F,Divorced,US Citizen,No,American Indian or Alaska Native,07/05/2011,,N/A-StillEmployed,Active,Production       ,Ketsia Liebig,19,LinkedIn,Exceeds,4.6,4,0,2/25/2019,0,11
10219,"Mahoney, Lauren  ",0,0,0,1,5,3,0," 45,395.00 ",0,19,Production Technician I,MA,2189,07/07/1986,F,Single,US Citizen,No,White,01/06/2014,,N/A-StillEmployed,Active,Production       ,Ketsia Liebig,19,LinkedIn,Fully Meets,4.6,4,0,2/26/2019,0,14
10207,"Dobrin, Denisa  S",0,0,0,1,5,3,0," 46,335.00 ",0,19,Production Technician I,MA,2125,10/07/1986,F,Single,US Citizen,Yes,White,04/02/2012,,N/A-StillEmployed,Active,Production       ,David Stanley,14,CareerBuilder,Fully Meets,3.4,5,0,2/19/2019,0,15
10156,"Johnson, Noelle ",1,1,0,3,3,3,0," 105,700.00 ",0,8,Database Administrator,MA,2301,11/07/1986,F,Married,US Citizen,No,Asian,01/05/2015,,N/A-StillEmployed,Active,IT/IS,Simon Roup,4,Indeed,Fully Meets,3.75,3,5,02/11/2019,0,2
10052,"Langton, Enrico",1,1,1,1,5,3,0," 46,120.00 ",0,19,Production Technician I,MA,2048,12/09/1986,M ,Married,US Citizen,No,White,07/09/2012,,N/A-StillEmployed,Active,Production       ,David Stanley,14,LinkedIn,Fully Meets,5,5,0,02/04/2019,0,13
10248,"Hudson, Jane",0,0,0,1,5,3,0," 55,425.00 ",0,19,Production Technician I,MA,2176,06/10/1986,F,Single,US Citizen,No,White,2/20/2012,,N/A-StillEmployed,Active,Production       ,Ketsia Liebig,19,LinkedIn,Fully Meets,4.8,4,0,01/07/2019,0,4
10081,"Boutwell, Bonalyn",1,1,0,1,1,3,1," 106,367.00 ",0,26,Sr. Accountant,MA,2468,04/04/1987,F,Married,US Citizen,No,Black or African American,2/16/2015,,N/A-StillEmployed,Active,Admin Offices,Brandon R. LeBlanc,3,Diversity Job Fair,Fully Meets,5,4,3,2/18/2019,0,4
10085,"Carabbio, Judith",0,0,0,1,4,3,0," 93,396.00 ",0,24,Software Engineer,MA,2132,04/05/1987,F,Single,US Citizen,No,White,11/11/2013,,N/A-StillEmployed,Active,Software Engineering,Alex Sweetwater,10,Indeed,Fully Meets,4.96,4,6,1/30/2019,0,3
10145,"Mckenna, Sandy",1,1,0,1,5,3,0," 62,810.00 ",0,19,Production Technician I,MA,2184,01/07/1987,F,Married,US Citizen,No,Black or African American,01/07/2013,,N/A-StillEmployed,Active,Production       ,Kissy Sullivan,20,CareerBuilder,Fully Meets,3.93,3,0,1/30/2019,0,20
10110,"Martin, Sandra",0,0,0,1,4,3,0," 105,688.00 ",0,24,Software Engineer,MA,2135,11/07/1987,F,Single,US Citizen,No,Asian,11/11/2013,,N/A-StillEmployed,Active,Software Engineering,Alex Sweetwater,10,Google Search,Fully Meets,4.5,5,4,1/14/2019,0,14
10132,"Crimmings,   Jean",0,0,0,2,5,3,0," 56,149.00 ",0,19,Production Technician I,MA,1821,04/10/1987,F,Single,US Citizen,No,White,07/06/2016,,N/A-StillEmployed,Active,Production       ,Michael Albert,22,LinkedIn,Fully Meets,4.12,5,0,1/28/2019,0,15
10012,"Barbossa, Hector",0,2,1,1,3,4,1," 92,328.00 ",0,9,Data Analyst,TX,78230,07/04/1988,M ,Divorced,US Citizen,No,Black or African American,11/10/2014,,N/A-StillEmployed,Active,IT/IS,Simon Roup,4,Diversity Job Fair,Exceeds,4.28,4,5,2/25/2019,0,9
10008,"Lindsay, Leonara ",0,0,0,1,3,4,1," 51,777.00 ",0,14,IT Support,CT,6070,10/05/1988,F,Single,US Citizen,Yes,Black or African American,1/21/2011,,N/A-StillEmployed,Active,IT/IS,Eric Dougall,6,Diversity Job Fair,Exceeds,4.64,4,5,1/25/2019,0,14
10250,"Bacong, Alejandro ",0,2,1,1,3,3,0," 50,178.00 ",0,14,IT Support,MA,1886,01/07/1988,M ,Divorced,US Citizen,No,White,01/05/2015,,N/A-StillEmployed,Active,IT/IS,Peter Monroe,7,Indeed,Fully Meets,5,5,6,2/18/2019,0,16
10006,"Driver, Elle",0,0,0,1,6,4,0," 74,241.00 ",0,3,Area Sales Manager,CA,90007,11/08/1988,F,Single,US Citizen,No,White,01/10/2011,,N/A-StillEmployed,Active,Sales,Lynn Daneault,21,Indeed,Exceeds,4.77,5,0,1/27/2019,0,14
10169,"Sander, Kamrin",1,1,0,1,5,3,0," 56,147.00 ",0,19,Production Technician I,MA,2154,07/10/1988,F,Married,US Citizen,No,Black or African American,9/29/2014,,N/A-StillEmployed,Active,Production       ,Elijiah Gray,16,LinkedIn,Fully Meets,3.51,3,0,2/18/2019,0,2
10074,"Hankard, Earnest",0,0,1,1,5,3,0," 64,246.00 ",0,20,Production Technician II,MA,2155,08/10/1988,M ,Single,US Citizen,Yes,White,11/11/2013,,N/A-StillEmployed,Active,Production       ,Kelley Spirea,18,LinkedIn,Fully Meets,5,3,0,01/08/2019,0,20
10003,"Billis, Helen",1,1,0,1,5,4,0," 62,910.00 ",0,19,Production Technician I,MA,2031,09/01/1989,F,Married,US Citizen,No,White,07/07/2014,,N/A-StillEmployed,Active,Production       ,Brannon Miller,12,Indeed,Exceeds,5,3,0,2/27/2019,0,19
10253,"Villanueva, Noah",0,0,1,1,6,3,0," 55,875.00 ",0,3,Area Sales Manager,ME,4063,07/11/1989,M ,Single,US Citizen,No,Asian,03/05/2012,,N/A-StillEmployed,Active,Sales,John Smith,17,Website,Fully Meets,4.5,4,0,1/18/2019,0,11
10241,"Strong, Caitrin",1,1,0,1,6,3,0," 60,120.00 ",0,3,Area Sales Manager,MT,59102,05/12/1989,F,Married,US Citizen,No,Black or African American,9/27/2010,,N/A-StillEmployed,Active,Sales,John Smith,17,Indeed,Fully Meets,4.1,4,0,1/31/2019,0,18
10159,"Gentry, Mildred",1,1,0,1,5,3,0," 51,337.00 ",0,19,Production Technician I,MA,2145,10/01/1990,F,Married,US Citizen,No,Black or African American,3/30/2015,,N/A-StillEmployed,Active,Production       ,Michael Albert,22,LinkedIn,Fully Meets,3.73,3,0,1/16/2019,0,19
10121,"Onque, Jasmine",0,0,0,1,6,3,0," 63,051.00 ",0,3,Area Sales Manager,FL,33174,05/11/1990,F,Single,US Citizen,Yes,White,9/30/2013,,N/A-StillEmployed,Active,Sales,Lynn Daneault,21,Indeed,Fully Meets,4.28,3,0,1/25/2019,0,1
10214,"Hutter, Rosalie",0,3,0,2,5,3,0," 64,995.00 ",0,20,Production Technician II,MA,2351,05/07/1992,F,Separated,US Citizen,No,White,06/05/2015,,N/A-StillEmployed,Active,Production       ,Webster Butler,,Indeed,Fully Meets,4.5,3,0,2/14/2019,0,6
10013,"Torrence, Jack",0,3,1,1,6,4,0," 64,397.00 ",0,3,Area Sales Manager,ND,58782,01/15/1968,M ,Separated,US Citizen,No,White,01/09/2006,,N/A-StillEmployed,Active,Sales,Lynn Daneault,21,Indeed,Exceeds,4.1,3,0,01/04/2019,0,6
10212,"Daniele, Ann  ",1,1,0,3,3,3,0," 85,028.00 ",0,28,Sr. Network Engineer,CT,6033,01/18/1952,F,Married,US Citizen,No,White,11/10/2014,,N/A-StillEmployed,Active,IT/IS,Peter Monroe,7,LinkedIn,Fully Meets,3.1,5,8,02/12/2019,0,19
10192,"Keatts, Kramer ",0,0,1,1,5,3,0," 50,482.00 ",0,19,Production Technician I,MA,1887,01/19/1976,M ,Single,US Citizen,No,White,9/30/2013,,N/A-StillEmployed,Active,Production       ,Michael Albert,22,Indeed,Fully Meets,3.07,4,0,1/23/2019,0,10
10020,"Robinson, Elias",0,4,1,1,5,4,0," 63,353.00 ",0,19,Production Technician I,MA,1730,01/28/1985,M ,Widowed,US Citizen,No,White,07/08/2013,,N/A-StillEmployed,Active,Production       ,Brannon Miller,12,Employee Referral,Exceeds,3.6,5,0,02/11/2019,0,4
10139,"Ivey, Rose ",0,0,0,1,5,3,0," 51,908.00 ",0,19,Production Technician I,MA,1775,01/28/1991,F,Single,US Citizen,No,White,8/19/2013,,N/A-StillEmployed,Active,Production       ,Brannon Miller,12,Indeed,Fully Meets,3.99,3,0,1/14/2019,0,14
10062,"Athwal, Sam",0,4,1,1,5,3,0," 59,365.00 ",0,19,Production Technician I,MA,2199,02/18/1983,M ,Widowed,US Citizen,No,White,9/30/2013,,N/A-StillEmployed,Active,Production       ,Ketsia Liebig,19,Employee Referral,Fully Meets,5,4,0,2/25/2019,0,19
10112,"Horton, Jayne",0,0,0,1,3,3,0," 97,999.00 ",0,8,Database Administrator,MA,2493,02/21/1984,F,Single,US Citizen,No,White,3/30/2015,,N/A-StillEmployed,Active,IT/IS,Simon Roup,4,Indeed,Fully Meets,4.48,5,6,01/03/2019,0,4
10165,"Kreuger, Freddy",0,0,1,1,6,3,1," 71,339.00 ",0,3,Area Sales Manager,NY,10171,02/24/1969,M ,Single,US Citizen,Yes,Black or African American,03/07/2011,,N/A-StillEmployed,Active,Sales,John Smith,17,Diversity Job Fair,Fully Meets,3.65,5,0,1/17/2019,0,20
10043,"Zhou, Julia",0,0,0,1,3,3,0," 89,292.00 ",0,9,Data Analyst,MA,2148,02/24/1979,F,Single,US Citizen,No,White,3/30/2015,,N/A-StillEmployed,Active,IT/IS,Simon Roup,4,Employee Referral,Fully Meets,5,3,5,02/01/2019,0,11
10266,"Stoica, Rick",1,1,1,1,5,3,0," 61,355.00 ",0,19,Production Technician I,MA,2301,03/14/1985,M ,Married,US Citizen,No,Asian,2/17/2014,,N/A-StillEmployed,Active,Production       ,Kelley Spirea,18,LinkedIn,Fully Meets,4.7,3,0,01/11/2019,0,4
10049,"Fidelia,  Libby",1,1,0,1,5,3,0," 58,530.00 ",0,19,Production Technician I,MA,2155,03/16/1981,F,Married,US Citizen,No,White,01/09/2012,,N/A-StillEmployed,Active,Production       ,Brannon Miller,12,Google Search,Fully Meets,5,5,0,1/29/2019,0,19
10272,"Houlihan, Debra",1,1,0,1,6,3,0," 180,000.00 ",0,11,Director of Sales,RI,2908,03/17/1966,F,Married,US Citizen,No,White,05/05/2014,,N/A-StillEmployed,Active,Sales,Janet King,2,LinkedIn,Fully Meets,4.5,4,0,1/21/2019,0,19
10137,"Linden, Mathew",1,1,1,3,5,3,0," 63,450.00 ",0,20,Production Technician II,MA,1770,03/19/1979,M ,Married,US Citizen,No,White,07/08/2013,,N/A-StillEmployed,Active,Production       ,Kelley Spirea,18,LinkedIn,Fully Meets,4,3,0,2/18/2019,0,7
10019,"Corleone, Vito",0,0,1,1,5,4,0," 170,500.00 ",0,10,Director of Operations,MA,2030,03/19/1983,M ,Single,US Citizen,No,Black or African American,01/05/2009,,N/A-StillEmployed,Active,Production       ,Janet King,2,Indeed,Exceeds,3.7,5,0,02/04/2019,0,15
10236,"Jacobi, Hannah  ",0,2,0,1,5,3,0," 45,069.00 ",0,19,Production Technician I,MA,1778,03/22/1966,F,Divorced,US Citizen,No,White,9/30/2013,,N/A-StillEmployed,Active,Production       ,Kissy Sullivan,20,Employee Referral,Fully Meets,4.3,5,0,2/22/2019,0,7
10125,"Handschiegl, Joanne",1,1,0,1,5,3,0," 54,828.00 ",0,19,Production Technician I,MA,2127,03/23/1977,F,Married,US Citizen,No,White,11/28/2011,,N/A-StillEmployed,Active,Production       ,Michael Albert,22,Google Search,Fully Meets,4.2,4,0,2/22/2019,0,13
10158,"Sullivan, Kissy ",1,1,0,1,5,3,0," 63,682.00 ",0,18,Production Manager,MA,1776,03/28/1978,F,Married,US Citizen,No,Black or African American,01/08/2009,,N/A-StillEmployed,Active,Production       ,Janet King,2,Indeed,Fully Meets,3.73,4,0,1/24/2019,0,12
10035,"Lunquist, Lisa",0,0,0,1,5,4,0," 73,330.00 ",0,20,Production Technician II,MA,2324,03/28/1982,F,Single,US Citizen,No,Black or African American,8/19/2013,,N/A-StillEmployed,Active,Production       ,Elijiah Gray,16,Indeed,Exceeds,4.2,4,0,02/12/2019,0,19
10045,"Turpin, Jumil",1,1,1,1,3,3,0," 76,029.00 ",0,15,Network Engineer,MA,2343,03/31/1969,M ,Married,Eligible NonCitizen,No,White,3/30/2015,,N/A-StillEmployed,Active,IT/IS,Peter Monroe,7,Employee Referral,Fully Meets,5,4,7,1/14/2019,0,8
10094,"Cornett, Lisa ",1,1,0,1,5,3,0," 63,381.00 ",0,19,Production Technician I,MA,2189,03/31/1977,F,Married,US Citizen,Yes,White,01/05/2015,,N/A-StillEmployed,Active,Production       ,Kelley Spirea,18,Indeed,Fully Meets,4.73,5,0,2/14/2019,0,6
10042,"Nguyen, Dheepa",0,0,0,1,6,3,0," 63,695.00 ",0,3,Area Sales Manager,GA,30428,03/31/1989,F,Single,US Citizen,No,Two or more races,07/08/2013,,N/A-StillEmployed,Active,Sales,Lynn Daneault,21,Indeed,Fully Meets,5,5,0,1/25/2019,0,2
10060,"Jhaveri, Sneha  ",0,3,0,1,5,3,0," 60,436.00 ",0,19,Production Technician I,MA,2109,04/13/1964,F,Separated,US Citizen,No,White,01/06/2014,,N/A-StillEmployed,Active,Production       ,Kelley Spirea,18,LinkedIn,Fully Meets,5,5,0,1/21/2019,0,9
10179,"Shepard, Anita ",1,1,0,1,3,3,0," 50,750.00 ",0,15,Network Engineer,MA,1773,04/14/1981,F,Married,US Citizen,No,White,9/30/2014,,N/A-StillEmployed,Active,IT/IS,Peter Monroe,7,LinkedIn,Fully Meets,3.31,3,6,01/07/2019,0,7
10311,"Dee, Randy",1,1,1,1,6,1,0," 56,991.00 ",0,19,Production Technician I,MA,2138,04/15/1988,M ,Married,US Citizen,No,White,07/09/2018,,N/A-StillEmployed,Active,Production       ,Brannon Miller,12,Indeed,Fully Meets,4.3,4,3,1/31/2019,2,2
10080,"Foster-Baker, Amy",1,1,0,1,1,3,0," 99,351.00 ",0,26,Sr. Accountant,MA,2050,04/16/1979,F,Married,US Citizen,no,White,01/05/2009,,N/A-StillEmployed,Active,Admin Offices,Board of Directors,9,Other,Fully Meets,5,3,2,02/08/2019,0,3
10101,"Gonzalez, Maria",0,3,0,1,3,3,0," 61,242.00 ",0,14,IT Support,MA,2472,04/16/1981,F,Separated,US Citizen,Yes,White,01/05/2015,,N/A-StillEmployed,Active,IT/IS,Peter Monroe,7,Employee Referral,Fully Meets,4.61,4,5,1/28/2019,0,11
10023,"Beak, Kimberly  ",1,1,0,2,5,4,0," 70,131.00 ",0,20,Production Technician II,MA,2145,04/17/1966,F,Married,US Citizen,No,White,7/21/2016,,N/A-StillEmployed,Active,Production       ,Kelley Spirea,18,Employee Referral,Exceeds,4.4,3,0,1/14/2019,0,16
10216,"Myers, Michael",0,0,1,1,5,3,0," 57,575.00 ",0,19,Production Technician I,MA,1550,04/18/1980,M ,Single,US Citizen,No,Asian,07/08/2013,,N/A-StillEmployed,Active,Production       ,Kissy Sullivan,20,LinkedIn,Fully Meets,4.1,4,0,1/22/2019,0,13
10310,"Desimone, Carl ",1,1,1,1,5,1,0," 53,189.00 ",0,19,Production Technician I,MA,2061,04/19/1967,M ,Married,US Citizen,No,White,07/07/2014,,N/A-StillEmployed,Active,Production       ,Amy Dunn,11,Indeed,PIP,1.12,2,0,1/31/2019,4,9
10099,"Daneault, Lynn",0,0,0,1,6,3,0," 65,729.00 ",0,21,Sales Manager,VT,5473,04/19/1990,F,Single,US Citizen,No,White,05/05/2014,,N/A-StillEmployed,Active,Sales,Debra Houlihan,15,Indeed,Fully Meets,4.62,4,0,1/24/2019,0,8
10174,"Wolk, Hang  T",0,0,0,1,5,3,0," 60,446.00 ",0,20,Production Technician II,MA,2302,04/20/1985,F,Single,US Citizen,No,White,9/29/2014,,N/A-StillEmployed,Active,Production       ,David Stanley,14,LinkedIn,Fully Meets,3.4,4,0,2/21/2019,0,14
10113,"Lajiri,  Jyoti",1,1,1,3,3,3,0," 93,206.00 ",0,28,Sr. Network Engineer,MA,2169,04/23/1986,M ,Married,US Citizen,No,White,11/10/2014,,N/A-StillEmployed,Active,IT/IS,Peter Monroe,7,Employee Referral,Fully Meets,4.46,5,6,01/07/2019,0,7
10025,"Monterro, Luisa",0,0,0,1,5,4,0," 72,460.00 ",0,20,Production Technician II,MA,2126,04/24/1970,F,Single,US Citizen,No,Black or African American,5/13/2013,,N/A-StillEmployed,Active,Production       ,Kissy Sullivan,20,Indeed,Exceeds,4.7,3,0,1/14/2019,0,1
10079,"Navathe, Kurt",0,0,1,1,3,3,0," 87,921.00 ",0,22,Senior BI Developer,MA,2056,04/25/1970,M ,Single,US Citizen,No,Asian,02/10/2017,,N/A-StillEmployed,Active,IT/IS,Brian Champaigne,13,Indeed,Fully Meets,5,3,6,2/25/2019,0,17
10038,"LaRotonda, William  ",0,2,1,1,1,3,0," 64,520.00 ",0,1,Accountant I,MA,1460,04/26/1984,M ,Divorced,US Citizen,No,Black or African American,01/06/2014,,N/A-StillEmployed,Active,Admin Offices,Brandon R. LeBlanc,1,Website,Fully Meets,5,4,4,1/17/2019,0,3
10233,"Sahoo, Adil",1,1,1,1,5,3,0," 57,975.00 ",0,20,Production Technician II,MA,2062,04/26/1986,M ,Married,US Citizen,No,White,8/30/2010,,N/A-StillEmployed,Active,Production       ,Kelley Spirea,18,CareerBuilder,Fully Meets,4.1,3,0,01/10/2019,0,13
10304,"Dietrich, Jenna  ",0,0,0,1,6,1,0," 59,231.00 ",0,3,Area Sales Manager,WA,98052,05/14/1987,F,Single,US Citizen,Yes,White,2/20/2012,,N/A-StillEmployed,Active,Sales,John Smith,17,Website,PIP,2.3,1,0,1/29/2019,2,17
10040,"Carter, Michelle ",0,0,0,1,6,3,0," 71,860.00 ",0,3,Area Sales Manager,VT,5664,05/15/1963,F,Single,US Citizen,No,White,8/18/2014,,N/A-StillEmployed,Active,Sales,John Smith,17,Indeed,Fully Meets,5,5,0,1/21/2019,0,7
10287,"Trang, Mei",0,0,0,1,5,2,0," 63,025.00 ",0,19,Production Technician I,MA,2021,05/16/1983,F,Single,US Citizen,No,White,2/17/2014,,N/A-StillEmployed,Active,Production       ,David Stanley,14,LinkedIn,Needs Improvement,2.44,5,0,02/11/2019,4,18
10041,"Ozark, Travis",0,0,1,1,6,3,0," 68,829.00 ",0,3,Area Sales Manager,NC,27229,05/19/1982,M ,Single,US Citizen,No,White,01/05/2015,,N/A-StillEmployed,Active,Sales,John Smith,17,Website,Fully Meets,5,5,0,1/14/2019,0,18
10039,"Singh, Nan ",0,0,0,1,1,3,0," 51,920.00 ",0,2,Administrative Assistant,MA,2330,05/19/1988,F,Single,US Citizen,No,White,05/01/2015,,N/A-StillEmployed,Active,Admin Offices,Brandon R. LeBlanc,1,Website,Fully Meets,5,3,5,1/15/2019,0,2
10051,"Gordon, David",1,1,1,1,5,3,0," 48,285.00 ",0,19,Production Technician I,MA,2169,05/21/1979,M ,Married,US Citizen,No,White,07/02/2012,,N/A-StillEmployed,Active,Production       ,David Stanley,14,LinkedIn,Fully Meets,5,3,0,1/14/2019,0,2
10076,"Carthy, B'rigit",0,0,0,1,5,3,0," 55,315.00 ",0,20,Production Technician II,MA,2149,05/21/1987,F,Single,US Citizen,No,Black or African American,3/30/2015,,N/A-StillEmployed,Active,Production       ,Ketsia Liebig,19,LinkedIn,Fully Meets,5,5,0,02/07/2019,0,16
10002,"Anderson, Linda  ",0,0,0,1,5,4,0," 57,568.00 ",0,19,Production Technician I,MA,1844,05/22/1977,F,Single,US Citizen,No,White,01/09/2012,,N/A-StillEmployed,Active,Production       ,Amy Dunn,11,LinkedIn,Exceeds,5,5,0,01/07/2019,0,15
10205,"Valentin,Jackie",1,1,0,1,6,3,0," 57,859.00 ",0,3,Area Sales Manager,AZ,85006,05/23/1991,F,Married,US Citizen,No,Two or more races,07/05/2011,,N/A-StillEmployed,Active,Sales,John Smith,17,Indeed,Fully Meets,2.81,3,0,1/17/2019,0,16
10194,"Andreola, Colby",0,0,0,1,4,3,0," 95,660.00 ",0,24,Software Engineer,MA,2110,05/24/1979,F,Single,US Citizen,No,White,11/10/2014,,N/A-StillEmployed,Active,Software Engineering,Alex Sweetwater,10,LinkedIn,Fully Meets,3.04,3,4,01/02/2019,0,19
10237,"Good, Susan",1,1,0,3,5,3,0," 66,825.00 ",0,20,Production Technician II,MA,1886,05/25/1986,F,Married,US Citizen,No,White,05/12/2014,,N/A-StillEmployed,Active,Production       ,David Stanley,14,LinkedIn,Fully Meets,4.6,3,0,02/07/2019,0,20
10247,"Engdahl, Jean",0,0,1,1,5,3,0," 48,888.00 ",0,19,Production Technician I,MA,2026,05/31/1974,M ,Single,US Citizen,No,White,11/10/2014,,N/A-StillEmployed,Active,Production       ,Kelley Spirea,18,LinkedIn,Fully Meets,4.7,5,0,2/13/2019,0,8
10168,"Cierpiszewski, Caroline  ",0,0,0,1,5,3,0," 64,816.00 ",0,19,Production Technician I,MA,2044,05/31/1988,F,Single,Non-Citizen,No,Black or African American,10/03/2011,,N/A-StillEmployed,Active,Production       ,Ketsia Liebig,19,Indeed,Fully Meets,3.58,5,0,1/30/2019,0,3
10232,"Le, Binh",0,0,0,1,3,3,0," 81,584.00 ",0,22,Senior BI Developer,MA,1886,06/14/1987,F,Single,US Citizen,No,Asian,10/02/2016,,N/A-StillEmployed,Active,IT/IS,Brian Champaigne,13,Indeed,Fully Meets,4.1,5,7,01/08/2019,0,2
10309,"Fett, Boba",0,0,1,1,3,1,0," 53,366.00 ",0,15,Network Engineer,MA,2138,06/18/1987,M ,Single,US Citizen,No,White,3/30/2015,,N/A-StillEmployed,Active,IT/IS,Peter Monroe,7,LinkedIn,PIP,1.2,3,6,02/04/2019,3,2
10243,"Gold, Shenice  ",0,0,0,1,5,3,0," 53,018.00 ",0,19,Production Technician I,MA,2451,06/18/1992,F,Single,US Citizen,Yes,White,11/11/2013,,N/A-StillEmployed,Active,Production       ,Ketsia Liebig,19,Indeed,Fully Meets,4.3,5,0,2/18/2019,0,7
10225,"Punjabhi, Louis  ",0,0,1,1,5,3,0," 59,472.00 ",0,19,Production Technician I,MA,2109,06/19/1961,M ,Single,US Citizen,No,White,01/06/2014,,N/A-StillEmployed,Active,Production       ,Kelley Spirea,18,Employee Referral,Fully Meets,4.8,3,0,01/07/2019,0,14
10234,"Gruber, Hans",1,1,1,1,3,3,0," 99,020.00 ",0,4,BI Developer,MA,2134,06/30/1989,M ,Married,US Citizen,No,Black or African American,4/20/2017,,N/A-StillEmployed,Active,IT/IS,Brian Champaigne,13,Indeed,Fully Meets,4.2,5,5,1/28/2019,0,8
10133,"Dolan, Linda",1,1,0,1,3,3,0," 70,621.00 ",0,14,IT Support,MA,2119,07/18/1988,F,Married,US Citizen,No,White,01/05/2015,,N/A-StillEmployed,Active,IT/IS,Peter Monroe,7,Employee Referral,Fully Meets,4.11,4,6,2/25/2019,0,16
10302,"Sparks, Taylor  ",1,1,0,1,5,1,0," 64,021.00 ",0,19,Production Technician I,MA,2093,07/20/1968,F,Married,US Citizen,No,White,2/20/2012,,N/A-StillEmployed,Active,Production       ,Brannon Miller,12,Indeed,PIP,2.4,2,1,2/25/2019,6,20
10265,"Barone, Francesco  A",0,0,1,1,5,3,0," 58,709.00 ",0,19,Production Technician I,MA,1810,07/20/1983,M ,Single,US Citizen,No,Two or more races,2/20/2012,,N/A-StillEmployed,Active,Production       ,Kelley Spirea,18,Google Search,Fully Meets,4.6,4,0,2/14/2019,0,7
10126,"Saada, Adell",1,1,0,1,4,3,0," 86,214.00 ",0,24,Software Engineer,MA,2132,07/24/1986,F,Married,US Citizen,No,White,11/05/2012,,N/A-StillEmployed,Active,Software Engineering,Alex Sweetwater,10,Indeed,Fully Meets,4.2,3,6,2/13/2019,0,2
10184,"Buccheri, Joseph  ",0,0,1,1,5,3,0," 65,288.00 ",0,20,Production Technician II,MA,1013,07/28/1983,M ,Single,US Citizen,No,White,9/29/2014,,N/A-StillEmployed,Active,Production       ,Webster Butler,,Google Search,Fully Meets,3.19,3,0,02/01/2019,0,9
10209,"Sutwell, Barbara",0,0,0,1,5,3,0," 59,238.00 ",0,19,Production Technician I,MA,2718,08/15/1968,F,Single,Eligible NonCitizen,No,Asian,5/14/2012,,N/A-StillEmployed,Active,Production       ,Elijiah Gray,16,Indeed,Fully Meets,3.4,5,0,1/31/2019,0,13
10291,"Smith, John",0,2,1,1,6,2,1," 72,992.00 ",0,21,Sales Manager,MA,1886,08/16/1984,M ,Divorced,US Citizen,No,Black or African American,5/18/2014,,N/A-StillEmployed,Active,Sales,Debra Houlihan,15,Diversity Job Fair,Needs Improvement,2.4,4,0,1/16/2019,2,16
10271,"Zima, Colleen",0,4,0,1,5,3,0," 45,046.00 ",0,19,Production Technician I,MA,1730,08/17/1978,F,Widowed,US Citizen,No,Asian,9/29/2014,,N/A-StillEmployed,Active,Production       ,David Stanley,14,LinkedIn,Fully Meets,4.5,5,0,1/30/2019,0,2
10213,"Monkfish, Erasumus",1,1,1,1,5,3,0," 58,207.00 ",0,20,Production Technician II,MA,1450,08/17/1992,M ,Married,US Citizen,No,White,11/07/2011,,N/A-StillEmployed,Active,Production       ,David Stanley,14,LinkedIn,Fully Meets,3.7,3,0,01/08/2019,0,14
10181,"Burkett, Benjamin ",1,1,1,1,5,3,0," 62,162.00 ",0,20,Production Technician II,MA,1890,08/19/1977,M ,Married,US Citizen,No,White,04/04/2011,,N/A-StillEmployed,Active,Production       ,Ketsia Liebig,19,Indeed,Fully Meets,3.25,5,0,1/14/2019,0,15
10154,"Chang, Donovan  E",0,0,1,1,5,3,0," 60,380.00 ",0,19,Production Technician I,MA,1845,08/24/1983,M ,Single,US Citizen,No,White,07/08/2013,,N/A-StillEmployed,Active,Production       ,Webster Butler,,LinkedIn,Fully Meets,3.8,5,0,1/14/2019,0,4
10091,"Shields, Seffi",1,1,0,1,5,3,0," 52,087.00 ",0,19,Production Technician I,MA,2149,08/24/1985,F,Married,US Citizen,No,White,8/19/2013,,N/A-StillEmployed,Active,Production       ,Amy Dunn,11,LinkedIn,Fully Meets,4.81,4,0,2/15/2019,0,15
10077,"Manchester, Robyn",1,1,0,2,5,3,0," 62,385.00 ",0,20,Production Technician II,MA,2324,08/25/1976,F,Married,US Citizen,No,White,05/11/2016,,N/A-StillEmployed,Active,Production       ,Webster Butler,,LinkedIn,Fully Meets,5,3,0,1/21/2019,0,4
10235,"England, Rex",1,1,1,1,5,3,0," 54,285.00 ",0,19,Production Technician I,MA,2045,08/25/1978,M ,Married,US Citizen,No,White,3/31/2014,,N/A-StillEmployed,Active,Production       ,Kelley Spirea,18,Employee Referral,Fully Meets,4.2,3,0,01/11/2019,0,3
10278,"Stanford,Barbara  M",0,2,0,1,5,3,0," 47,961.00 ",0,19,Production Technician I,MA,2050,08/25/1982,F,Divorced,US Citizen,No,Two or more races,01/10/2011,,N/A-StillEmployed,Active,Production       ,Kissy Sullivan,20,Google Search,Fully Meets,4.1,4,0,02/07/2019,0,9
10299,"Erilus, Angela",0,3,0,1,5,1,0," 56,847.00 ",0,20,Production Technician II,MA,2133,08/25/1989,F,Separated,US Citizen,No,White,07/07/2014,,N/A-StillEmployed,Active,Production       ,Michael Albert,22,Indeed,PIP,3,1,0,2/25/2019,2,5
10029,"Clukey, Elijian",1,1,1,2,5,4,0," 50,373.00 ",0,19,Production Technician I,MA,2134,08/26/1980,M ,Married,US Citizen,No,White,07/06/2016,,N/A-StillEmployed,Active,Production       ,Brannon Miller,12,Employee Referral,Exceeds,4.1,4,0,2/28/2019,0,5
10193,"Costello, Frank",1,1,1,1,3,3,0," 83,552.00 ",0,9,Data Analyst,MA,1810,08/26/1986,M ,Married,US Citizen,No,White,3/30/2015,,N/A-StillEmployed,Active,IT/IS,Simon Roup,4,Indeed,Fully Meets,3.04,3,6,1/22/2019,0,2
10258,"Fraval, Maruk ",0,0,1,1,6,3,0," 67,251.00 ",0,3,Area Sales Manager,CT,6050,08/28/1963,M ,Single,US Citizen,No,Black or African American,09/06/2011,,N/A-StillEmployed,Active,Sales,Lynn Daneault,21,CareerBuilder,Fully Meets,4.3,3,0,1/27/2019,2,7
10124,"Potts, Xana",1,1,0,1,6,3,0," 61,844.00 ",0,3,Area Sales Manager,KY,40220,08/29/1988,F,Married,US Citizen,No,Black or African American,01/09/2012,,N/A-StillEmployed,Active,Sales,Lynn Daneault,21,Website,Fully Meets,4.2,5,0,02/01/2019,0,9
10010,"Zamora, Jennifer",0,0,0,1,3,4,0," 220,450.00 ",0,6,CIO,MA,2067,08/30/1979,F,Single,US Citizen,No,White,04/10/2010,,N/A-StillEmployed,Active,IT/IS,Janet King,2,Employee Referral,Exceeds,4.6,5,6,2/21/2019,0,16
10143,"Davis, Daniel",0,0,1,1,5,3,0," 56,294.00 ",0,20,Production Technician II,MA,2458,09/14/1979,M ,Single,Eligible NonCitizen,No,Two or more races,11/07/2011,,N/A-StillEmployed,Active,Production       ,Kissy Sullivan,20,LinkedIn,Fully Meets,3.96,4,0,2/27/2019,0,6
10167,"Hitchcock, Alfred",1,1,1,1,6,3,0," 70,545.00 ",0,3,Area Sales Manager,NH,3062,09/14/1988,M ,Married,US Citizen,No,American Indian or Alaska Native,8/18/2014,,N/A-StillEmployed,Active,Sales,John Smith,17,Indeed,Fully Meets,3.6,5,0,1/30/2019,0,9
10111,"Garcia, Raul",0,0,1,1,5,3,0," 52,249.00 ",0,19,Production Technician I,MA,1905,09/15/1985,M ,Single,US Citizen,Yes,White,3/30/2015,,N/A-StillEmployed,Active,Production       ,David Stanley,14,Employee Referral,Fully Meets,4.5,3,0,2/18/2019,0,5
10016,"Petrowsky, Thelma",1,1,0,1,3,4,0," 93,554.00 ",0,9,Data Analyst,MA,1886,09/16/1984,F,Married,US Citizen,No,Black or African American,11/10/2014,,N/A-StillEmployed,Active,IT/IS,Simon Roup,4,Employee Referral,Exceeds,4.6,5,7,01/04/2019,0,16
10089,"King, Janet",1,1,0,1,2,3,0," 250,000.00 ",0,16,President & CEO,MA,1902,09/21/1954,F,Married,US Citizen,Yes,White,07/02/2012,,N/A-StillEmployed,Active,Executive Office,Board of Directors,9,Indeed,Fully Meets,4.83,3,0,1/17/2019,0,10
10294,"Blount, Dianna",0,0,0,1,5,2,0," 66,441.00 ",0,20,Production Technician II,MA,2171,09/21/1990,F,Single,US Citizen,No,White,04/04/2011,,N/A-StillEmployed,Active,Production       ,Michael Albert,22,CareerBuilder,Needs Improvement,2,3,0,2/27/2019,2,3
10068,"Medeiros, Jennifer",0,0,0,1,5,3,0," 55,688.00 ",0,19,Production Technician I,MA,2346,09/22/1976,F,Single,US Citizen,No,White,3/30/2015,,N/A-StillEmployed,Active,Production       ,Michael Albert,22,CareerBuilder,Fully Meets,5,4,0,1/21/2019,0,10
10263,"Faller, Megan ",1,1,0,1,5,3,0," 71,776.00 ",0,20,Production Technician II,MA,1824,09/22/1978,F,Married,US Citizen,No,Black or African American,07/07/2014,,N/A-StillEmployed,Active,Production       ,Elijiah Gray,16,LinkedIn,Fully Meets,4.4,5,0,2/22/2019,0,17
10255,"Givens, Myriam",0,0,0,1,6,3,0," 61,555.00 ",0,3,Area Sales Manager,IN,46204,09/22/1989,F,Single,US Citizen,No,White,2/16/2015,,N/A-StillEmployed,Active,Sales,Lynn Daneault,21,Indeed,Fully Meets,4.5,5,0,1/25/2019,0,20
10211,"Dunne, Amy",1,1,0,1,5,3,0," 62,514.00 ",0,19,Production Technician I,MA,1749,09/23/1973,F,Married,US Citizen,No,White,4/26/2010,,N/A-StillEmployed,Active,Production       ,Ketsia Liebig,19,Google Search,Fully Meets,2.9,3,0,1/21/2019,0,6
10136,"Fancett, Nicole",0,0,0,1,5,3,0," 65,902.00 ",0,20,Production Technician II,MA,2324,09/27/1987,F,Single,US Citizen,No,Black or African American,2/17/2014,,N/A-StillEmployed,Active,Production       ,Webster Butler,,LinkedIn,Fully Meets,4,4,0,01/07/2019,0,7
10088,"Alagbe,Trina",1,1,0,1,5,3,0," 64,991.00 ",0,19,Production Technician I,MA,1886,09/27/1988,F,Married,US Citizen,No,White,01/07/2008,,N/A-StillEmployed,Active,Production       ,Elijiah Gray,16,Indeed,Fully Meets,4.84,5,0,01/03/2019,0,15
10031,"Gonzalez, Cayo",0,2,1,1,5,4,1," 59,892.00 ",0,19,Production Technician I,MA,2108,09/29/1969,M ,Divorced,US Citizen,No,Black or African American,07/11/2011,,N/A-StillEmployed,Active,Production       ,Brannon Miller,12,Diversity Job Fair,Exceeds,4.5,4,0,2/18/2019,0,1
10090,"Spirea, Kelley",1,1,0,1,5,3,0," 65,714.00 ",0,18,Production Manager,MA,2451,09/30/1975,F,Married,US Citizen,No,White,10/02/2012,,N/A-StillEmployed,Active,Production       ,Janet King,2,LinkedIn,Fully Meets,4.83,5,0,2/14/2019,0,15
10308,"Fernandes, Nilson  ",1,1,1,1,5,1,0," 64,057.00 ",0,19,Production Technician I,MA,2132,10/18/1989,M ,Married,US Citizen,No,White,05/11/2015,,N/A-StillEmployed,Active,Production       ,Amy Dunn,11,Indeed,PIP,1.56,5,0,01/03/2019,6,15
10057,"Lydon, Allison",1,1,0,3,5,3,0," 52,057.00 ",0,19,Production Technician I,MA,2122,10/22/1975,F,Married,US Citizen,No,Black or African American,2/16/2015,,N/A-StillEmployed,Active,Production       ,Elijiah Gray,16,Website,Fully Meets,5,3,0,1/23/2019,0,6
10173,"Tannen, Biff",1,1,1,1,3,3,0," 90,100.00 ",0,4,BI Developer,MA,2134,10/24/1987,M ,Married,US Citizen,No,White,4/20/2017,,N/A-StillEmployed,Active,IT/IS,Brian Champaigne,13,Indeed,Fully Meets,3.4,3,6,01/02/2019,0,14
10017,"Liebig, Ketsia",1,1,0,1,5,4,0," 77,915.00 ",0,18,Production Manager,MA,2110,10/26/1981,F,Married,US Citizen,No,White,9/30/2013,,N/A-StillEmployed,Active,Production       ,Janet King,2,Website,Exceeds,4.1,3,0,1/21/2019,0,11
10055,"Beatrice, Courtney ",0,0,0,1,5,3,0," 59,026.00 ",0,19,Production Technician I,MA,1915,10/27/1970,F,Single,Eligible NonCitizen,No,White,04/04/2011,,N/A-StillEmployed,Active,Production       ,Elijiah Gray,16,Google Search,Fully Meets,5,5,0,1/14/2019,0,12
10027,"Smith, Joe",0,0,1,1,5,4,0," 60,656.00 ",0,20,Production Technician II,MA,2045,10/30/1963,M ,Single,US Citizen,No,White,9/29/2014,,N/A-StillEmployed,Active,Production       ,Elijiah Gray,16,Indeed,Exceeds,4.3,3,0,1/28/2019,0,4
10203,"Bugali, Josephine ",0,3,0,3,5,3,1," 64,375.00 ",0,19,Production Technician I,MA,2043,10/30/1969,F,Separated,US Citizen,No,Black or African American,11/11/2013,,N/A-StillEmployed,Active,Production       ,Kissy Sullivan,20,Diversity Job Fair,Fully Meets,3.5,5,0,1/21/2019,0,17
10276,"Dickinson, Geoff ",0,0,1,1,5,3,0," 51,259.00 ",0,19,Production Technician I,MA,2180,11/15/1982,M ,Single,US Citizen,No,White,05/12/2014,,N/A-StillEmployed,Active,Production       ,Ketsia Liebig,19,Indeed,Fully Meets,4.3,4,0,2/19/2019,0,1
10086,"Roper, Katie",0,0,0,1,3,3,0," 150,290.00 ",0,7,Data Architect,MA,2056,11/21/1972,F,Single,US Citizen,No,Black or African American,01/07/2017,,N/A-StillEmployed,Active,IT/IS,Brian Champaigne,13,Indeed,Fully Meets,4.94,3,5,02/06/2019,0,17
10150,"Cady, Max ",0,0,1,1,4,3,0," 77,692.00 ",0,25,Software Engineering Manager,MA,2184,11/22/1966,M ,Single,US Citizen,No,White,8/15/2011,,N/A-StillEmployed,Active,Software Engineering,Jennifer Zamora,5,Google Search,Fully Meets,3.84,3,5,1/21/2019,0,4
10053,"Maurice, Shana",1,1,0,1,5,3,0," 54,132.00 ",0,19,Production Technician I,MA,2330,11/22/1977,F,Married,US Citizen,No,White,5/31/2011,,N/A-StillEmployed,Active,Production       ,David Stanley,14,Indeed,Fully Meets,5,4,0,01/10/2019,0,8
10164,"Pitt, Brad ",0,0,1,1,5,3,0," 47,001.00 ",0,19,Production Technician I,MA,2451,11/23/1981,M ,Single,US Citizen,No,White,11/05/2007,,N/A-StillEmployed,Active,Production       ,David Stanley,14,Google Search,Fully Meets,3.66,3,0,2/25/2019,0,15
10104,"Nowlan, Kristie",0,0,0,1,5,3,0," 66,738.00 ",0,20,Production Technician II,MA,1040,11/23/1985,F,Single,US Citizen,No,White,11/10/2014,,N/A-StillEmployed,Active,Production       ,Elijiah Gray,16,Indeed,Fully Meets,4.53,5,0,1/16/2019,0,5
10281,"Owad, Clinton",0,0,1,1,5,2,0," 53,060.00 ",0,19,Production Technician I,MA,1760,11/24/1979,M ,Single,US Citizen,No,Black or African American,2/17/2014,,N/A-StillEmployed,Active,Production       ,Michael Albert,22,LinkedIn,Needs Improvement,4.25,3,0,02/04/2019,4,6
10238,"Brown, Mia",1,1,0,1,1,3,1," 63,000.00 ",0,1,Accountant I,MA,1450,11/24/1987,F,Married,US Citizen,No,Black or African American,10/27/2008,,N/A-StillEmployed,Active,Admin Offices,Brandon R. LeBlanc,1,Diversity Job Fair,Fully Meets,4.5,2,6,1/15/2019,0,14
10228,"Goeth, Amon",1,1,1,1,3,3,0," 74,679.00 ",0,14,IT Support,MA,2135,11/24/1989,M ,Married,US Citizen,Yes,White,3/30/2015,,N/A-StillEmployed,Active,IT/IS,Peter Monroe,7,LinkedIn,Fully Meets,4.3,5,7,01/10/2019,0,20
10231,"Khemmich, Bartholemew",0,0,1,1,6,3,0," 65,310.00 ",0,3,Area Sales Manager,CO,80820,11/27/1979,M ,Single,US Citizen,No,White,8/19/2013,,N/A-StillEmployed,Active,Sales,Lynn Daneault,21,Indeed,Fully Meets,4.3,5,0,1/22/2019,0,13
10105,"Dunn, Amy  ",0,0,0,1,5,3,0," 75,188.00 ",0,18,Production Manager,MA,1731,11/28/1973,F,Single,US Citizen,No,White,9/18/2014,,N/A-StillEmployed,Active,Production       ,Janet King,2,Google Search,Fully Meets,4.52,4,0,1/15/2019,0,4
10282,"Corleone, Michael",0,2,1,1,5,2,0," 68,051.00 ",0,18,Production Manager,MA,1803,12/17/1975,M ,Divorced,US Citizen,No,White,7/20/2010,,N/A-StillEmployed,Active,Production       ,Janet King,2,CareerBuilder,Needs Improvement,4.13,2,0,1/14/2019,3,3
10046,"Bernstein, Sean",0,0,1,1,5,3,0," 51,044.00 ",0,19,Production Technician I,MA,2072,12/22/1970,M ,Single,US Citizen,Yes,White,04/02/2012,,N/A-StillEmployed,Active,Production       ,Amy Dunn,11,Google Search,Fully Meets,5,3,0,1/14/2019,0,13
10226,"Biden, Lowan  M",0,2,0,1,5,3,0," 64,919.00 ",0,19,Production Technician I,MA,2027,12/27/1958,F,Divorced,US Citizen,No,Asian,8/19/2013,,N/A-StillEmployed,Active,Production       ,Ketsia Liebig,19,Indeed,Fully Meets,4.2,3,0,01/10/2019,0,2
10103,"Leruth, Giovanni",0,3,1,1,6,3,0," 70,468.00 ",0,3,Area Sales Manager,UT,84111,12/27/1988,M ,Separated,US Citizen,No,Black or African American,4/30/2012,,N/A-StillEmployed,Active,Sales,John Smith,17,Website,Fully Meets,4.53,3,0,1/29/2019,0,16
